Workbook

Sheet 说明
A1: Kirole BLE 通信协议 —— 命令字节表
A2: 依据《Kirole BLE 通信协议规格文档 2.10.1》及《Kirole 设备离线运行协议改动方案》整理 · 2026-08-18 · 所有大小单位均为字节（Byte） · Ver:1.3.0 · 保留 Ver 1.2.0 专注重连并新增完整 Schedule v2
A4: 一、BLE 配置与通用约定
A5: 项目 | B5: 值 | C5: 大小 | D5: 单位/属性 | E5: 说明 | F5: 备注
A6: Service UUID | B6: 0000FFE0-0000-1000-8000-00805F9B34FB | C6: - | D6: - | E6: 设备广播包必须携带，App 只扫描带该 UUID 的外设 | F6: §2.1
A7: Write characteristic | B7: 0000FFE1-0000-1000-8000-00805F9B34FB | C7: - | D7: Write | E7: App → Device 命令通道 | F7: §2.2
A8: Notify characteristic | B8: 0000FFE2-0000-1000-8000-00805F9B34FB | C8: - | D8: Notify | E8: Device → App 事件通道 | F8: §2.2
A9: 多字节整数 | B9: Big Endian | C9: - | D9: - | E9: 多字节整数一律大端（BE） | F9: §3.6
A10: 有符号整数 | B10: 二进制补码 | C10: - | D10: - | E10: int8 等按二进制补码解释 | F10: §3.6
A11: 字符串编码 | B11: Length(1B) + UTF-8(NB) | C11: 1+N | D11: UTF-8 | E11: Length 为字节数；App 保证仅可打印 ASCII 0x20–0x7E | F11: §3.5
A12: Type 字节按方向解释 | B12: Write 用第 4 节命令表 / Notify 用第 5 节事件表 | C12: - | D12: - | E12: 同一 Type 值双向含义不同（如 0x10=DayPack / EnterTaskIn） | F12: §2.4
A15: 二、通用数据包格式（简单包）
A16: 方向 | B16: Type | C16: Length | D16: Payload | E16: 帧长 | F16: 说明
A17: App → Device | B17: 1 字节 | C17: 2 字节（BE） | D17: N 字节 | E17: 3 + N | F17: packet.count 必须等于 3 + Length；尾部多余字节视为格式错误（§3.1）
A18: Device → App | B18: 1 字节 | C18: 1 字节 | D18: N 字节 | E18: 2 + N | F18: 简单事件包必须等于 2 + Length（§3.1/§5.1）
A21: 三、分包格式（大 Payload，11 字节头，双向通用）
A22: 偏移 | B22: 字段 | C22: 大小 | D22: 说明
A23: 0 | B23: Type | C23: 1 | D23: 命令类型标识符（同 §3.1）
A24: 1..2 | B24: MessageId | C24: 2 | D24: 消息标识符（BE），同一消息的所有分包共享
A25: 3..4 | B25: Seq | C25: 2 | D25: 分包序号（BE，从 0 开始）；重发必须从 Seq=0 整条重发（v2.5.24 由 1B 扩为 2B）
A26: 5..6 | B26: Total | C26: 2 | D26: 分包总数（BE），上限 65535（v2.5.24 由 1B 扩为 2B）
A27: 7..8 | B27: PayloadLen | C27: 2 | D27: 本分包 payload 长度（BE）
A28: 9..10 | B28: CRC16 | C28: 2 | D28: 本分包 payload 的 CRC16-CCITT-FALSE（BE）
A29: 11.. | B29: Payload | C29: N | D29: 分包 payload 数据
A31: CRC16-CCITT-FALSE：多项式 0x1021、初值 0xFFFF、XOR out 0x0000、Reflect in/out false。适用于 0x03 / 0x10 / 0x11 / 0x15 / 0x16 / 0x1B 等大 payload；接收端按 MessageId 分槽重组，App 不发送分包级 ACK。
A34: 四、安全握手（0x7F，secure 模式连接后必须先握手）
A35: 消息 | B35: Kind | C35: 结构 | D35: 总长 | E35: 说明
A36: ClientHello | B36: 0x01 | C36: kind(1) + clientNonce(8) + timestamp(4) + hmac(32) | D36: 45 | E36: App → Device，HMAC-SHA256，时间窗口 ±120 秒
A37: ServerHello | B37: 0x02 | C37: kind(1) + clientNonce(8) + serverNonce(8) + timestamp(4) + hmac(32) | D37: 53 | E37: Device → App，HMAC-SHA256，时间窗口 ±120 秒
A40: 五、SecureEnvelope（0x7E，secure 模式业务封装，总长 48 + N 字节）
A41: 偏移 | B41: 字段 | C41: 大小 | D41: 说明
A42: 0 | B42: version | C42: 1 | D42: 固定 0x02
A43: 1 | B43: payloadType | C43: 1 | D43: 内层业务命令类型
A44: 2..9 | B44: nonce | C44: 8 | D44: 随机数，防重放
A45: 10..13 | B45: issuedAt | C45: 4 | D45: 签发时间戳（±120 秒窗口）
A46: 14..15 | B46: payloadLen | C46: 2 | D46: 内层 payload 长度（BE）
A47: 16.. | B47: payload | C47: N | D47: 内层业务 payload
A48: 16+N.. | B48: signature | C48: 32 | D48: HMAC-SHA256(version..payload)
A50: 接收端必须校验签名、时间窗口与 nonce 重放；payloadLen 之后必须正好是 payload(NB) + signature(32B)。来源文件：F:\work\project\ODM\Kirole\document\Kirole BLE 通信协议规格文档2.10.1.md

Sheet 命令总览
A1: 命令总览
A2: App → Device 命令 23 个（含安全帧） · Device → App 事件 24 个 · Ver 1.2.0 专注重连扩展保留 · Ver 1.3.0 新增完整 Schedule v2
A4: App → Device 命令（23 个）
A5: Type | B5: 名称 | C5: Payload 长度 | D5: 传输方式 | E5: 说明 | F5: 章节
A6: 0x01 | B6: PetStatus | C6: ='App命令-简单'!C11 | D6: 简单包 | E6: 宠物状态信息 | F6: §4.2
A7: 0x02 | B7: TaskList | C7: ='App命令-简单'!C19 | D7: 简单包 | E7: 今日任务列表（最多 10 个） | F7: §4.3
A8: 0x03 | B8: Schedule | C8: ='App命令-简单'!C27 | D8: 简单包 / 分包（11B 头） | E8: 完整 Schedule v2 日程快照；包含日期、标题、描述、分类、结束时间与辅助文案 | F8: §4.4
A9: 0x04 | B9: Weather | C9: ='App命令-简单'!C38 | D9: 简单包 | E9: 当前天气信息 | F9: §4.5
A10: 0x05 | B10: Time | C10: ='App命令-简单'!C50 | D10: 简单包 | E10: 时间同步 | F10: §4.6
A11: 0x10 | B11: DayPack | C11: ='App命令-复杂'!C22 | D11: 分包（11B 头） | E11: 完整每日数据包 | F11: §4.7
A12: 0x11 | B12: TaskInPage | C12: ='App命令-复杂'!C33 | D12: 分包（11B 头） | E12: 任务详情页数据 | F12: §4.8
A13: 0x12 | B13: DeviceMode | C13: ='App命令-简单'!C57 | D13: 简单包 | E13: 设备运行模式 | F13: §4.9
A14: 0x13 | B14: SmartReminder | C14: ='App命令-简单'!C66 | D14: 简单包 | E14: AI 智能提醒推送 | F14: §4.10
A15: 0x14 | B15: FocusStatus | C15: 25+N（v2） | D15: 简单包 | E15: 带 FocusSessionId / FocusRevision 的权威专注状态 | F15: §4.11 / 专注重连页
A16: 0x15 | B16: CustomAvatarFrame | C16: ='App命令-复杂'!C56 | D16: 分包（11B 头） | E16: 候选头像暂存帧（v4，KRI） | F16: §4.12
A17: 0x16 | B17: Screensaver | C17: ='App命令-简单'!C91 | D17: 简单包 / 分包 | E17: 屏保金句 / 明信片 | F17: §4.15
A18: 0x17 | B18: SceneUnlock | C18: ='App命令-简单'!C80 | D18: 简单包 | E18: 场景解锁 / 切换 | F18: §4.16
A19: 0x18 | B19: OTAReboot | C19: ='App命令-简单'!C98 | D19: 简单包 | E19: 触发固件升级重启（零 payload） | F19: §4.17
A20: 0x19 | B20: WiFiDebugMode | C20: ='App命令-简单'!C105 | D20: 简单包 | E20: PC Wi-Fi 调试模式控制 | F20: §4.18
A21: 0x1A | B21: WiFiAvatarSession | C21: ='App命令-简单'!C113 | D21: 简单包 | E21: SoftAP 头像快速传输会话 | F21: §4.20
A22: 0x1B | B22: TaskListSnapshotAck | C22: ='App命令-复杂'!C70 | D22: 分包（11B 头） | E22: 业务确认 + 完整任务快照 | F22: §4.21
A23: 0x1C | B23: ShippingMode | C23: 1 | D23: 简单包 | E23: 开启运输模式 | F23: -
A24: 0x20 | B24: EventLogRequest | C24: 4 | D24: 简单包 | E24: 请求指定时间戳之后的事件日志 | F24: §4.13
A25: 0x22 | B25: AvatarControl | C25: 21 | D25: 简单包 | E25: 头像事务控制（固定 21B） | F25: §4.19
A26: 0x7E | B26: SecureData | C26: 48+N（变长） | D26: 简单包 / 分包 | E26: 安全业务封装（48+N 字节） | F26: §3.4
A27: 0x7F | B27: SecurityHandshake | C27: 45 / 53（固定） | D27: 简单包 | E27: 安全握手（45 / 53 字节） | F27: §3.3
A28: 0x25 | B28: OfflineSync | C28: 1 / 5 / 9 / 14 / 33 | D28: 简单包 | E28: 离线数据事务、操作确认及专注状态裁决（双向） | F28: OfflineSync页
A30: Device → App 事件（24 个）
A31: Type | B31: 名称 | C31: Payload 长度 | D31: 传输方式 | E31: 说明 | F31: 章节
A32: 0x01 | B32: EncoderRotateUp | C32: 0（无 Payload） | D32: 简单事件包 | E32: 旋钮向上旋转（顺时针） | F32: §5.2
A33: 0x02 | B33: EncoderRotateDown | C33: 0（无 Payload） | D33: 简单事件包 | E33: 旋钮向下旋转（逆时针） | F33: §5.2
A34: 0x03 | B34: EncoderShortPress | C34: 0（无 Payload） | D34: 简单事件包 | E34: 旋钮短按（确认） | F34: §5.2
A35: 0x04 | B35: EncoderLongPress | C35: 0（无 Payload） | D35: 简单事件包 | E35: 旋钮长按 | F35: §5.2
A36: 0x05 | B36: PowerShortPress | C36: 0（无 Payload） | D36: 简单事件包 | E36: 电源按钮短按 | F36: §5.2
A37: 0x06 | B37: PowerLongPress | C37: 0（无 Payload） | D37: 简单事件包 | E37: 电源按钮长按 | F37: §5.2
A38: 0x10 | B38: EnterTaskIn | C38: 18+N（v2） | D38: 简单事件包 | E38: 进入专注；携带操作 ID、专注会话 ID 与开始时间 | F38: §5.3 / 专注重连页
A39: 0x11 | B39: CompleteTask | C39: 22+N（v2） | D39: 简单事件包 | E39: 完成任务并结束指定专注会话 | F39: §5.4 / 专注重连页
A40: 0x12 | B40: SkipTask | C40: 22+N（v2） | D40: 简单事件包 | E40: 跳过任务并结束指定专注会话 | F40: §5.5 / 专注重连页
A41: 0x13 | B41: SelectedTaskChanged | C41: ='设备事件-输入'!C30 | D41: 简单事件包 | E41: 切换选中任务 | F41: §5.6
A42: 0x14 | B42: WheelSelect | C42: ='设备事件-输入'!C38 | D42: 简单事件包 | E42: 旋钮按下选择确认 | F42: §5.10
A43: 0x15 | B43: ViewEventDetail | C43: ='设备事件-输入'!C46 | D43: 简单事件包 | E43: 查看日历事件详情 | F43: §5.11
A44: 0x16 | B44: ReminderAcknowledged | C44: ='设备事件-输入'!C53 | D44: 简单事件包 | E44: 确认智能提醒 | F44: §5.12
A45: 0x17 | B45: ReminderDismissed | C45: ='设备事件-输入'!C60 | D45: 简单事件包 | E45: 提醒超时自动消失 | F45: §5.13
A46: 0x18 | B46: OTAResult | C46: ='设备事件-动作与应答'!C30 | D46: 简单事件包 | E46: OTA 升级重启应答 | F46: §5.17
A47: 0x19 | B47: WiFiDebugResult | C47: ='设备事件-动作与应答'!C38 | D47: 简单事件包 | E47: Wi-Fi 调试模式实时应答 | F47: §5.18
A48: 0x1A | B48: WiFiAvatarSessionResult | C48: ='设备事件-动作与应答'!C54 | D48: 简单事件包 | E48: SoftAP 会话实时应答 | F48: §5.20
A49: 0x20 | B49: RequestRefresh | C49: ='设备事件-输入'!C68 | D49: 简单事件包 | E49: 请求数据刷新（v2.9） | F49: §5.7
A50: 0x21 | B50: EventLogBatch | C50: ='设备事件-动作与应答'!C62 | D50: 简单事件包 | E50: 批量回传事件日志 | F50: §5.15
A51: 0x22 | B51: AvatarControlResult | C51: ='设备事件-动作与应答'!C75 | D51: 简单事件包 | E51: 头像事务实时结果（31B） | F51: §5.19
A52: 0x30 | B52: DeviceWake | C52: ='设备事件-输入'!C82 | D52: 简单事件包 | E52: 设备上线通知（29B） | F52: §5.8
A53: 0x31 | B53: DeviceSleep | C53: 0（无 Payload） | D53: 简单事件包 | E53: 设备进入睡眠 | F53: §5.9
A54: 0x40 | B54: LowBattery | C54: ='设备事件-输入'!C96 | D54: 简单事件包 | E54: 设备电量低通知 | F54: §5.14
A55: 0x25 | B55: OfflineSync | C55: 7 / 20 / 37+N / 变长 | D55: 简单事件包 | E55: 同步状态、专注快照、处理结果与离线操作批量补报 | F55: OfflineSync页
A57: 说明：Payload 长度列引用各详解页的公式；secure 模式下业务帧封装进 0x7E SecureEnvelope。

Sheet App命令-简单
A1: App → Device 命令详解（一）
A2: 单位：字节（Byte）；1+N = 1 字节长度前缀 + N 字节内容；… 表示偏移随变长字段累积
A4: §4.2 PetStatus（0x01）
A5: 方向：App → Device（FFE1 Write）｜传输：简单包｜用途：宠物状态信息；明文（secure 模式经 0x7E 封装）
A6: 偏移(字节) | B6: 字段 | C6: 大小(字节) | D6: 上限(字节) | E6: 取值/枚举 | F6: 说明
A7: 0 | B7: Name | C7: 1+N | D7: 20 | E7: 长度前缀字符串 | F7: 显示名（UTF-8 / 可打印 ASCII）
A8: N+1 | B8: Mood | C8: 1 | D8: - | E8: H / E / F / S / M | F8: 心情首字母（ASCII），见「枚举与状态码」页；固件当前阶段可忽略该字节
A9: N+2 | B9: CharacterId | C9: 1+N | D9: 10 | E9: joy / silas / nova | F9: 伴侣 IP，恒为最近一次内置选择
A10: ... | B10: CustomActive | C10: 1 | D10: - | E10: 0x00 / 0x01 | F10: 0x01=自定义形象激活（除专注页显示已持久化的 0x15 图）；0x00=按 CharacterId 渲染内置；固件读完 CharacterId 后必须再读此字节
A11: Payload 总长（字节） | C11: 变长 | D11: 可变：Name(1+N) + Mood(1) + CharacterId(1+N) + CustomActive(1)，N 由实际字符串长度决定
A12: 完整帧长（字节） | C12: 3 + Payload（变长） | D12: 简单包：Type(1B) + Length(2B, BE) + Payload
A14: §4.3 TaskList（0x02）
A15: 方向：App → Device（FFE1 Write）｜传输：简单包｜用途：今日任务列表（最多 10 个任务）｜Legacy：不含 TaskId / OperationID，不能作为 v2.9 Overview 的数据源；明文（secure 模式经 0x7E 封装）
A16: 偏移(字节) | B16: 字段 | C16: 大小(字节) | D16: 上限(字节) | E16: 取值/枚举 | F16: 说明
A17: 0 | B17: TaskCount | C17: 1 | D17: - | E17: 0–10 | F17: 任务数量
A18: 1+ | B18: Tasks[] | C18: 变长 | D18: - | E18: 见「子结构与记录」页 | F18: 任务条目数组；每条 =TaskIdLength(1) + TaskId(N1, N1<=36) + TitleLength(1) + Title(N2≤30) + IsCompleted(1)
A19: Payload 总长（字节） | C19: 变长 | D19: 可变：1 + Σ(1 + N1 + 1 + N2 + 1（N1≤36，N2≤30）)； N1为TaskId，N2为Title
A20: 完整帧长（字节） | C20: 3 + Payload（变长） | D20: 简单包：Type(1B) + Length(2B, BE) + Payload
A22: §4.4 Schedule（0x03，v2 / Ver 1.3.0）
A23: 方向：App → Device（FFE1 Write）｜传输：简单包或现有 11B 头分包｜用途：完整日程快照（最多 8 个事件）｜旧版 EventCount + Title + StartTime 格式严格拒绝；明文（secure 模式经 0x7E 封装）
A24: 偏移(字节) | B24: 字段 | C24: 大小(字节) | D24: 上限(字节) | E24: 取值/枚举 | F24: 说明
A25: 0 | B25: SubVersion | C25: 1 | D25: 1 | E25: 固定 0x02 | F25: Schedule v2 子版本；缺失或不是 0x02 时拒绝整包
A26: 1 | B26: Year + Month + Day + EventCount | C26: 4 | D26: 1 / 1 / 1 / 1 | E26: Year=0–99；Month=1–12；Day=有效日期；EventCount=0–8 | F26: Year 保存公历年份减 2000；日期是本次完整日程快照的归属日
A27: 5+ | B27: Events[] | C27: 变长 | D27: Time/EndTime=0 或 5；Title≤40；Description≤120；SupportText≤120 | E27: 见「子结构与记录」及「Schedule-1.3」 | F27: 每条依次为 Time + Title + Description + Category + EndTime + SupportText；Description 必须非空，Category=0x00–0x06
A28: Payload 总长（字节） | C28: 变长 | D28: 5 + Σ(6 + T + N + D + E + S)；T/E 为时间字节数，N/D/S 为标题、描述、辅助文案字节数
A29: 完整帧长（字节） | C29: 简单包：3 + Payload；分包：每片 11 + 本片 Payload | D29: 完整 Schedule Payload 可直接用简单包发送，或按现有 11B 头分包；设备重组完成后统一校验并原子应用
A31: §4.5 Weather（0x04）
A32: 方向：App → Device（FFE1 Write）｜传输：简单包｜用途：当前天气信息｜v2.5.9 起含 HighTemp / LowTemp，固件必须读到 LowTemp；明文（secure 模式经 0x7E 封装）
A33: 偏移(字节) | B33: 字段 | C33: 大小(字节) | D33: 上限(字节) | E33: 取值/枚举 | F33: 说明
A34: 0 | B34: Temperature | C34: 1 | D34: - | E34: int8（℃） | F34: 当前温度
A35: 1 | B35: Condition | C35: 1+N | D35: 15 | E35: sun.max.fill 等 | F35: 天气状况字符串（SF Symbol 值），见「枚举与状态码」页
A36: ... | B36: HighTemp | C36: 1 | D36: - | E36: int8（℃） | F36: 当日最高温（v2.5.9 追加）
A37: ... | B37: LowTemp | C37: 1 | D37: - | E37: int8（℃） | F37: 当日最低温（v2.5.9 追加）
A38: Payload 总长（字节） | C38: 变长 | D38: 可变：Temperature(1) + Condition(1+N≤15) + HighTemp(1) + LowTemp(1)，约 10 字节
A39: 完整帧长（字节） | C39: 3 + Payload（变长） | D39: 简单包：Type(1B) + Length(2B, BE) + Payload
A41: §4.6 Time（0x05）
A42: 方向：App → Device（FFE1 Write）｜传输：简单包｜用途：时间同步；明文（secure 模式经 0x7E 封装）
A43: 偏移(字节) | B43: 字段 | C43: 大小(字节) | D43: 上限(字节) | E43: 取值/枚举 | F43: 说明
A44: 0 | B44: Year | C44: 1 | D44: - | E44: 年份-2000 | F44: 例如 26 = 2026
A45: 1 | B45: Month | C45: 1 | D45: - | E45: 1–12 | F45: 月份
A46: 2 | B46: Day | C46: 1 | D46: - | E46: 1–31 | F46: 日期
A47: 3 | B47: Hour | C47: 1 | D47: - | E47: 0–23 | F47: 小时
A48: 4 | B48: Minute | C48: 1 | D48: - | E48: 0–59 | F48: 分钟
A49: 5 | B49: Second | C49: 1 | D49: - | E49: 0–59 | F49: 秒
A50: Payload 总长（字节） | C50: =SUM(C44:C49) | D50: 固定长度（字段均为定长字节）
A51: 完整帧长（字节） | C51: =3+C50 | D51: 简单包：Type(1B) + Length(2B, BE) + Payload
A53: §4.9 DeviceMode（0x12）
A54: 方向：App → Device（FFE1 Write）｜传输：简单包｜用途：设置设备运行模式；明文（secure 模式经 0x7E 封装）
A55: 偏移(字节) | B55: 字段 | C55: 大小(字节) | D55: 上限(字节) | E55: 取值/枚举 | F55: 说明
A56: 0 | B56: Mode | C56: 1 | D56: - | E56: 0x00 / 0x01 | F56: 0x00=Interactive，0x01=Focus；仅为设置快照，不得用于进入、退出或裁决专注状态
A57: Payload 总长（字节） | C57: =SUM(C56:C56) | D57: 固定长度（字段均为定长字节）
A58: 完整帧长（字节） | C58: =3+C57 | D58: 简单包：Type(1B) + Length(2B, BE) + Payload
A60: §4.10 SmartReminder（0x13）
A61: 方向：App → Device（FFE1 Write）｜传输：简单包｜用途：AI 智能提醒推送；明文（secure 模式经 0x7E 封装）
A62: 偏移(字节) | B62: 字段 | C62: 大小(字节) | D62: 上限(字节) | E62: 取值/枚举 | F62: 说明
A63: 0 | B63: ReminderText | C63: 1+N | D63: 60 | E63: 长度前缀字符串 | F63: 提醒消息文本
A64: N+1 | B64: ReminderType | C64: 1 | D64: - | E64: 0x00 / 0x01 | F64: 0x00=gentle 普通提醒，0x01=urgent 紧急提醒（加粗边框）
A65: N+2 | B65: PetMoodByte | C65: 1 | D65: - | E65: H / E / F / S / M | F65: 显示用宠物心情；固件当前阶段应忽略（同 §4.2 Mood）
A66: Payload 总长（字节） | C66: 变长 | D66: 可变：ReminderText(1+N≤60) + ReminderType(1) + PetMoodByte(1)
A67: 完整帧长（字节） | C67: 3 + Payload（变长） | D67: 简单包：Type(1B) + Length(2B, BE) + Payload
A69: §4.13 EventLogRequest（0x20）
A70: 方向：App → Device（FFE1 Write）｜传输：简单包｜用途：请求增量事件日志；明文（secure 模式经 0x7E 封装）
A71: 偏移(字节) | B71: 字段 | C71: 大小(字节) | D71: 上限(字节) | E71: 取值/枚举 | F71: 说明
A72: 0 | B72: Since | C72: 4 | D72: - | E72: UInt32 BE | F72: Unix Timestamp；设备回传 timestamp > Since 的事件（EventLogBatch 0x21）
A73: Payload 总长（字节） | C73: =SUM(C72:C72) | D73: 固定长度（字段均为定长字节）
A74: 完整帧长（字节） | C74: =3+C73 | D74: 简单包：Type(1B) + Length(2B, BE) + Payload
A76: §4.16 SceneUnlock（0x17）
A77: 方向：App → Device（FFE1 Write）｜传输：简单包｜用途：场景解锁 / 切换（替代旧 0xAA 01 01）；明文（secure 模式经 0x7E 封装）
A78: 偏移(字节) | B78: 字段 | C78: 大小(字节) | D78: 上限(字节) | E78: 取值/枚举 | F78: 说明
A79: 0 | B79: SceneId | C79: 1 | D79: - | E79: 0x00 / 0x01 / 0x02 | F79: 0x00=harbor，0x01=forest，0x02=nightCity
A80: Payload 总长（字节） | C80: =SUM(C79:C79) | D80: 固定长度（字段均为定长字节）
A81: 完整帧长（字节） | C81: =3+C80 | D81: 简单包：Type(1B) + Length(2B, BE) + Payload
A83: §4.15 Screensaver（0x16）
A84: 方向：App → Device（FFE1 Write）｜传输：分包（11B 头）｜用途：屏保金句 / 明信片（替代旧 0xAA 01 02）｜Quote+Author 较长时按 §3.2 分包；明文（secure 模式经 0x7E 封装）
A85: 偏移(字节) | B85: 字段 | C85: 大小(字节) | D85: 上限(字节) | E85: 取值/枚举 | F85: 说明
A86: 0 | B86: ContentType | C86: 1 | D86: - | E86: 0x00 / 0x01 | F86: 0x00=normal 金句，0x01=postcard 明信片
A87: 1 | B87: SceneByte | C87: 1 | D87: - | E87: 0x00–0x02 | F87: 场景：0x00=harbor，0x01=forest，0x02=nightCity
A88: 2 | B88: PostcardDay | C88: 1 | D88: - | E88: 0–255 | F88: 明信片天数，无则为 0
A89: 3 | B89: Quote | C89: 1+N | D89: 180 | E89: 长度前缀字符串 | F89: UTF-8 金句
A90: ... | B90: Author | C90: 1+N | D90: 40 | E90: 长度前缀字符串 | F90: UTF-8 作者
A91: Payload 总长（字节） | C91: 变长 | D91: 可变：ContentType(1) + SceneByte(1) + PostcardDay(1) + Quote(1+N≤180) + Author(1+N≤40)
A92: 完整帧长（字节） | C92: 简单包 / 分包（11B 头） | D92: 分包：Type(1B) + MessageId(2B) + Seq(2B) + Total(2B) + PayloadLen(2B) + CRC16(2B) + Payload
A94: §4.17 OTAReboot（0x18）
A95: 方向：App → Device（FFE1 Write）｜传输：简单包｜用途：触发固件升级重启｜零 payload；固件校验 update.bin 合法后回 OTAResult 并立即重启；明文（secure 模式经 0x7E 封装）
A96: 偏移(字节) | B96: 字段 | C96: 大小(字节) | D96: 上限(字节) | E96: 取值/枚举 | F96: 说明
A97: — | B97: （无字段） | C97: 0 | D97: - | E97: Length = 0 | F97: 升级包不经 BLE 传输，由设备 WiFi AP 网页接收 update.bin（≤3MB）
A98: Payload 总长（字节） | C98: =SUM(C97:C97) | D98: 固定长度（字段均为定长字节）
A99: 完整帧长（字节） | C99: =3+C98 | D99: 简单包：Type(1B) + Length(2B, BE) + Payload
A101: §4.18 WiFiDebugMode（0x19）
A102: 方向：App → Device（FFE1 Write）｜传输：简单包｜用途：开启 / 关闭 / 查询 PC Wi-Fi 调试模式｜明文帧示例：19 00 01 00（关闭）/ 01（开启）/ 02（查询）；明文（secure 模式经 0x7E 封装）
A103: 偏移(字节) | B103: 字段 | C103: 大小(字节) | D103: 上限(字节) | E103: 取值/枚举 | F103: 说明
A104: 0 | B104: Command | C104: 1 | D104: - | E104: 0x00 / 0x01 / 0x02 | F104: 0x00=关闭，0x01=开启，0x02=查询当前实际状态（不改变状态）
A105: Payload 总长（字节） | C105: =SUM(C104:C104) | D105: 固定长度（字段均为定长字节）
A106: 完整帧长（字节） | C106: =3+C105 | D106: 简单包：Type(1B) + Length(2B, BE) + Payload
A108: §4.20 WiFiAvatarSession（0x1A）
A109: 方向：App → Device（FFE1 Write）｜传输：简单包｜用途：SoftAP 头像快速传输会话控制｜明文帧示例：1A 00 05 01 <OperationID 4B>；明文（secure 模式经 0x7E 封装）
A110: 偏移(字节) | B110: 字段 | C110: 大小(字节) | D110: 上限(字节) | E110: 取值/枚举 | F110: 说明
A111: 0 | B111: Command | C111: 1 | D111: - | E111: 0x00 / 0x01 / 0x02 | F111: 0x00=close 停止 SoftAP，0x01=open 启动并回报凭据+端点，0x02=query 只读查询
A112: 1 | B112: OperationID | C112: 4 | D112: - | E112: UInt32 BE | F112: 绑定本次头像事务（同 0x15/0x22 的 OperationID），须非零
A113: Payload 总长（字节） | C113: =SUM(C111:C112) | D113: 固定长度（字段均为定长字节）
...

Sheet App命令-复杂
A1: App → Device 命令详解（二）
A2: 单位：字节（Byte）；1+N = 1 字节长度前缀 + N 字节内容；… 表示偏移随变长字段累积
A4: §4.7 DayPack（0x10）
A5: 方向：App → Device（FFE1 Write）｜传输：分包（11B 头）｜用途：设备「概览」帧的完整每日数据包｜v2.5.0 破坏性重写；全字段按序存在、无条件写入，空字符串 = 1 字节 0x00；明文（secure 模式经 0x7E 封装）
A6: 偏移(字节) | B6: 字段 | C6: 大小(字节) | D6: 上限(字节) | E6: 取值/枚举 | F6: 说明
A7: 0 | B7: Year | C7: 1 | D7: - | E7: 年份-2000 | F7: 例如 26 = 2026
A8: 1 | B8: Month | C8: 1 | D8: - | E8: 1–12 | F8: 月份
A9: 2 | B9: Day | C9: 1 | D9: - | E9: 1–31 | F9: 日期
A10: 3 | B10: DeviceMode | C10: 1 | D10: - | E10: 0x00 / 0x01 | F10: 0x00=Interactive，0x01=Focus；设置类快照，App 当前恒发 0x00，不得用于判定专注态
A11: 4 | B11: FocusChallengeEnabled | C11: 1 | D11: - | E11: 0x00 / 0x01 | F11: 0x00=禁用，0x01=启用
A12: 5 | B12: PetDialogue | C12: 1+N | D12: 120 | E12: 长度前缀字符串 | F12: 宠物气泡（阶段感知，早安/陪伴/结算同一句变脸）
A13: ... | B13: EventCount | C13: 1 | D13: - | E13: 0–N | F13: 今日事件数
A14: ... | B14: Events[] | C14: 变长 | D14: - | E14: 见「子结构与记录」页 | F14: 事件列表；每条 6 字段（Time/Title/Description/Category/EndTime/SupportText）
A15: ... | B15: TaskCount | C15: 1 | D15: - | E15: 0–5 | F15: 置顶任务数量（4寸≤3 / 7.3寸≤5）
A16: ... | B16: TopTasks[] | C16: 变长 | D16: - | E16: 见「子结构与记录」页 | F16: 置顶任务；每条 4 字段（TaskId/Title/IsCompleted/Priority）
A17: ... | B17: SettlementData | C17: 10 | D17: - | E17: 定长数值 | F17: 进度/专注数值，固定 10B（见「子结构与记录」页）
A18: ... | B18: DaySummary | C18: 1+N | D18: 180 | E18: 长度前缀字符串 | F18: 一天总结（情绪向，只谈日程 + 一条建议）；空串=尚未生成
A19: ... | B19: FirstUp | C19: 1+N | D19: 60 | E19: 长度前缀字符串 | F19: 「First up:」下一项内容，App 算好下发
A20: ... | B20: SettlementReview | C20: 1+N | D20: 180 | E20: 长度前缀字符串 | F20: 每日总结页·概况点评（v2.6.0）；空串=尚未生成
A21: ... | B21: SettlementQuote | C21: 1+N | D21: 120 | E21: 长度前缀字符串 | F21: 每日总结页·金句/明日鼓励（v2.6.0）；DayPack 当前最后一个字段
A22: Payload 总长（字节） | C22: 变长 | D22: 可变：前 5B 定长 + PetDialogue 起全为变长流（含 Events[]/TopTasks[]），固件必须顺序流式解析
A23: 完整帧长（字节） | C23: 简单包 / 分包（11B 头） | D23: 分包：Type(1B) + MessageId(2B) + Seq(2B) + Total(2B) + PayloadLen(2B) + CRC16(2B) + Payload
A25: §4.8 TaskInPage（0x11）
A26: 方向：App → Device（FFE1 Write）｜传输：分包（11B 头）｜用途：任务详情页数据（页面 3）；明文（secure 模式经 0x7E 封装）
A27: 偏移(字节) | B27: 字段 | C27: 大小(字节) | D27: 上限(字节) | E27: 取值/枚举 | F27: 说明
A28: 0 | B28: TaskId | C28: 1+N | D28: 36 | E28: 长度前缀字符串 | F28: 与 Overview 条目一致的硬件任务 ID
A29: N+1 | B29: TaskTitle | C29: 1+N | D29: 40 | E29: 长度前缀字符串 | F29: 任务标题
A30: ... | B30: TaskDescription | C30: 1+N | D30: 100 | E30: 长度前缀字符串 | F30: 任务描述
A31: ... | B31: Encouragement | C31: 1+N | D31: 80 | E31: 长度前缀字符串 | F31: v2.10.0 起改装「支持性文字」，恒按 Deep Work 规则生成；空串合法（不渲染该行）
A32: ... | B32: FocusChallengeActive | C32: 1 | D32: - | E32: 0x00 / 0x01 | F32: 0x00=未激活，0x01=已激活
A33: Payload 总长（字节） | C33: 变长 | D33: 可变：TaskId(1+N≤36) + TaskTitle(1+N≤40) + TaskDescription(1+N≤100) + Encouragement(1+N≤80) + FocusChallengeActive(1)
A34: 完整帧长（字节） | C34: 简单包 / 分包（11B 头） | D34: 分包：Type(1B) + MessageId(2B) + Seq(2B) + Total(2B) + PayloadLen(2B) + CRC16(2B) + Payload
A36: §4.11 FocusStatus（0x14，SubVersion 0x02）
A37: 方向：App → Device（FFE1 Write）｜传输：简单包｜用途：同步完成后的权威专注状态；同步裁决完成前不得覆盖设备离线状态；FocusRevision=0 仅表示无有效版本，首个有效版本从 1 开始；详见「专注重连-1.2」页
A38: 偏移(字节) | B38: 字段 | C38: 大小(字节) | D38: 上限(字节) | E38: 取值/枚举 | F38: 说明
A39: 0 | B39: SubVersion | C39: 1 | D39: - | E39: 固定 0x02 | F39: 旧版 0x14 仅用于不支持 v2 的固件
A40: 1..4 | B40: FocusRevision | C40: 4 | D40: - | E40: UInt32 BE | F40: 0 仅表示无有效版本，首个有效版本为 1；每个不同的完整 0x14 内容必须严格递增；相同 revision 只允许原字节重试同一冻结内容；不得回绕到 0；小于设备已应用版本时必须拒绝
A41: 5..12 | B41: FocusSessionId | C41: 8 | D41: - | E41: 8B 原始会话 ID | F41: BootSessionId(4B)+StartOperationID(4B)
A42: 13..19 | B42: StatusBlock | C42: 7 | D42: - | E42: State(1)+Phase(1)+Bottles(1)+ElapsedSeconds(4) | F42: 阶段和瓶子按权威时长派生，不做双方累加
A43: 20.. | B43: TaskTitle + SegmentSeconds | C43: 1+N+4 | D43: N≤40 | E43: TaskTitleLength(1)+TaskTitle(N)+SegmentSeconds(4) | F43: 秒级同步；当前未打断连续时长
A44: Payload 总长（字节） | C44: 25+N | D44: 固定头 20B + TaskTitle(1+N) + SegmentSeconds(4)
A45: 完整帧长（字节） | C45: 3 + Payload（变长） | D45: 简单包：Type(1B) + Length(2B, BE) + Payload
A47: §4.12 CustomAvatarFrame（0x15）
A48: 方向：App → Device（FFE1 Write）｜传输：分包（11B 头）｜用途：候选头像暂存帧（v4，唯一可接受版本）｜重组后 payload 上限 29 + 2,240,012 = 2,240,041B；v2.7 起只暂存，不直接切换显示；明文（secure 模式经 0x7E 封装）
A49: 偏移(字节) | B49: 字段 | C49: 大小(字节) | D49: 上限(字节) | E49: 取值/枚举 | F49: 说明
A50: 0 | B50: SubVersion | C50: 1 | D50: - | E50: 固定 0x04 | F50: 0x01/0x02/0x03 已废弃，收到时丢弃整帧
A51: 1 | B51: OperationID | C51: 4 | D51: - | E51: UInt32 BE | F51: App 生成的单操作身份
A52: 5 | B52: AvatarID | C52: 16 | D52: - | E52: 16 原始字节 | F52: 自定义伴侣 UUID；擦除与提交均按此精确匹配
A53: 21 | B53: FileLength | C53: 4 | D53: - | E53: UInt32 BE | F53: 必须严格等于 KRIFile 字节数
A54: 25 | B54: FileCRC32 | C54: 4 | D54: - | E54: CRC-32/IEEE BE | F54: KRIFile 的校验值
A55: 29 | B55: KRIFile | C55: N | D55: 2,240,012 | E55: KRI v1 文件 | F55: 12B 小端文件头 + 直通 alpha BGRA 像素；无压缩、无行 padding、无尾数据
A56: Payload 总长（字节） | C56: 变长 | D56: v4 头固定 29B；KRIFile 最大 2,240,012B
A57: 完整帧长（字节） | C57: 简单包 / 分包（11B 头） | D57: 分包：Type(1B) + MessageId(2B) + Seq(2B) + Total(2B) + PayloadLen(2B) + CRC16(2B) + Payload
A59: §4.21 TaskListSnapshotAck（0x1B）
A60: 方向：App → Device（FFE1 Write）｜传输：分包（11B 头）｜用途：完成/跳过/刷新请求的业务确认 + 完整 Overview 任务快照｜固定头 16B + Tasks[]；长 payload 按 §3.2 分包，固件须完整重组后再应用；明文（secure 模式经 0x7E 封装）
A61: 偏移(字节) | B61: 字段 | C61: 大小(字节) | D61: 上限(字节) | E61: 取值/枚举 | F61: 说明
A62: 0 | B62: SubVersion | C62: 1 | D62: - | E62: 固定 0x01 | F62: 其他版本整帧拒绝
A63: 1 | B63: Action | C63: 1 | D63: - | E63: 0x11 / 0x12 / 0x20 | F63: 原请求动作：0x11 Complete，0x12 Skip，0x20 Refresh
A64: 2 | B64: OperationID | C64: 4 | D64: - | E64: UInt32 BE | F64: 原样回显动作 OperationID；对 0x20 回显 RequestID；必须非零
A65: 6 | B65: Result | C65: 1 | D65: - | E65: 见枚举页 | F65: 本次业务处理结果（applied / alreadyApplied / taskNotFound / invalidRequest / supersededByApp / internalError）
A66: 7 | B66: StateEpoch | C66: 4 | D66: - | E66: UInt32 BE | F66: App 任务快照世代；重装或世代重建后改变
A67: 11 | B67: Revision | C67: 4 | D67: - | E67: UInt32 BE | F67: 同一 StateEpoch 内严格递增，首个有效快照从 1 开始
A68: 15 | B68: TaskCount | C68: 1 | D68: - | E68: 0–5 | F68: 完整 Overview 清单条数：4寸 0–3，7.3寸 0–5
A69: 16+ | B69: Tasks[] | C69: 变长 | D69: - | E69: 见「子结构与记录」页 | F69: 完整替换快照；每条 = TaskIdLength(1)+TaskId(N1≤36)+TitleLength(1)+Title(N2≤30)+IsCompleted(1)+Priority(1)
A70: Payload 总长（字节） | C70: 变长 | D70: 固定头 16B（SubVersion..TaskCount）+ Tasks[] 变长
A71: 完整帧长（字节） | C71: 简单包 / 分包（11B 头） | D71: 分包：Type(1B) + MessageId(2B) + Seq(2B) + Total(2B) + PayloadLen(2B) + CRC16(2B) + Payload
A73: §4.19 AvatarControl（0x22）
A74: 方向：App → Device（FFE1 Write）｜传输：简单包｜用途：提交 / 擦除 / 查询 / 取消头像事务；明文（secure 模式经 0x7E 封装）
A75: 偏移(字节) | B75: 字段 | C75: 大小(字节) | D75: 上限(字节) | E75: 取值/枚举 | F75: 说明
A76: 0 | B76: Command | C76: 1 | D76: - | E76: 0x01–0x05 | F76: 0x01=commit，0x02=eraseExact，0x03=eraseAll，0x04=query，0x05=abort（详见枚举页）
A77: 1 | B77: OperationID | C77: 4 | D77: - | E77: UInt32 BE | F77: 头像事务操作 ID
A78: 5 | B78: AvatarID | C78: 16 | D78: - | E78: 16 原始字节 | F78: commit/eraseExact 必填；eraseAll/query/abort 全 16B 为 0
A79: Payload 总长（字节） | C79: =SUM(C76:C78) | D79: 固定长度（字段均为定长字节）
A80: 完整帧长（字节） | C80: =3+C79 | D80: 简单包：Type(1B) + Length(2B, BE) + Payload
A82: 约定：大小以字节（Byte）为单位；「1+N」= 1 字节长度前缀 + N 字节内容；「…」表示偏移随前面的变长字段累积；多字节整数一律 Big Endian。来源：Kirole BLE 通信协议规格文档 2.10.1。

Sheet 子结构与记录
A1: 子结构字段表与日志记录格式
A2: 供 0x02 / 0x03 / 0x10 / 0x1B / 0x21 等命令引用 · 单位：字节（Byte）
A4: §4.3 TaskList · Task 条目（0x02）（子结构）
A5: TaskList(0x02) 内部结构：每条任务条目（由 TaskCount 指定条数，随后顺序编码）
A6: 偏移(字节) | B6: 字段 | C6: 大小(字节) | D6: 上限(字节) | E6: 取值/枚举 | F6: 说明
A7: 0 | B7: TaskIdLength | C7: 1 | D7: - | E7: 0–36 | F7: TaskId 的 UTF-8 字节数
A8: 1 | B8: TaskId | C8: N1 | D8: 36 | E8: UTF-8 | F8: 硬件任务 ID；App 对超长外部 ID 生成 h- + 32 位十六进制摘要
A9: 1+N1 | B9: TitleLength | C9: 1 | D9: - | E9: 0–30 | F9: Title 的 UTF-8 字节数
A10: ... | B10: Title | C10: N2 | D10: 30 | E10: UTF-8 | F10: 任务标题
A11: ... | B11: IsCompleted | C11: 1 | D11: - | E11: 0x00 / 0x01 | F11: 0x00=未完成，0x01=已完成
A12: ... | B12: Priority | C12: 1 | D12: - | E12: 1–3 | F12: 优先级
A13: Payload 总长（字节） | C13: 变长 | D13: 每条可变：1 + N1 + 1 + N2 + 2（N1≤36，N2≤30）
A15: §4.4 Schedule v2 · Event 条目（0x03，Ver 1.3.0）（子结构）
A16: Schedule v2（0x03）内部结构：EventCount 之后顺序编码；每条事件固定按 Time、Title、Description、Category、EndTime、SupportText 排列
A17: 偏移(字节) | B17: 字段 | C17: 大小(字节) | D17: 上限(字节) | E17: 取值/枚举 | F17: 说明
A18: 0+ | B18: Time + Title | C18: (1+T) + (1+N) | D18: Time 0/5；Title 1–40 | E18: 长度前缀 UTF-8 字符串 | F18: Time 为空表示全天事件，否则必须为 HH:mm；Title 必须非空
A19: 变长 | B19: Description + Category | C19: (1+D) + 1 | D19: Description 1–120；Category 1 | E19: Description 非空；Category=0x00–0x06 | F19: 描述必须能独立说明日程内容，禁止只发送标题
A20: 变长 | B20: EndTime + SupportText | C20: (1+E) + (1+S) | D20: EndTime 0/5；SupportText 0–120 | E20: 长度前缀 UTF-8 字符串 | F20: 定时事件 EndTime 必须晚于 Time；全天事件两者均空；SupportText 可空
A21: Event 总长（字节） | C21: 变长 | D21: 每条 = 6 + T + N + D + E + S；Schedule Payload = 5 + Σ(每条 Event)
A23: §4.7 DayPack · Event 条目（0x10）（子结构）
A24: DayPack(0x10) 内部结构：每条事件条目（6 字段，EventCount 之后顺序编码）
A25: 偏移(字节) | B25: 字段 | C25: 大小(字节) | D25: 上限(字节) | E25: 取值/枚举 | F25: 说明
A26: 0 | B26: Time | C26: 1+N | D26: 8 | E26: 长度前缀字符串 | F26: 起始时间 "HH:mm"；全天事件为空串（1 字节 0x00）
A27: ... | B27: Title | C27: 1+N | D27: 40 | E27: 长度前缀字符串 | F27: 事件标题
A28: ... | B28: Description | C28: 1+N | D28: 120 | E28: 长度前缀字符串 | F28: 事件描述（设计稿事件卡正文）
A29: ... | B29: Category | C29: 1 | D29: - | E29: 0x00–0x06 | F29: 事件类别（v2.5.27，AI 打标）；0x00=未分类不画图标，详见枚举页
A30: ... | B30: EndTime | C30: 1+N | D30: 8 | E30: 长度前缀字符串 | F30: 结束时间 "HH:mm"（v2.6.0）；全天事件空串，跨午夜按 "23:59" 封顶
A31: ... | B31: SupportText | C31: 1+N | D31: 120 | E31: 长度前缀字符串 | F31: 支持性文字（v2.10.0，按 Category 规则生成）；空串=未生成
A32: Payload 总长（字节） | C32: 变长 | D32: 每条可变：Time + Title + Description + Category(1) + EndTime + SupportText
A34: §4.7 DayPack · TopTask 条目（0x10）（子结构）
A35: DayPack(0x10) 内部结构：每条置顶任务条目（4 字段，TaskCount 之后顺序编码）
A36: 偏移(字节) | B36: 字段 | C36: 大小(字节) | D36: 上限(字节) | E36: 取值/枚举 | F36: 说明
A37: 0 | B37: TaskIdLength | C37: 1 | D37: - | E37: 0–36 | F37: TaskId 的 UTF-8 字节数
A38: 1 | B38: TaskId | C38: N1 | D38: 36 | E38: UTF-8 | F38: 硬件任务 ID；App 对超长外部 ID 生成 h- + 32 位十六进制摘要
A39: 1+N1 | B39: TitleLength | C39: 1 | D39: - | E39: 0–30 | F39: Title 的 UTF-8 字节数
A40: ... | B40: Title | C40: N2 | D40: 30 | E40: UTF-8 | F40: 任务标题
A41: ... | B41: IsCompleted | C41: 1 | D41: - | E41: 0x00 / 0x01 | F41: 0x00=未完成，0x01=已完成
A42: ... | B42: Priority | C42: 1 | D42: - | E42: 1–3 | F42: 优先级
A43: Payload 总长（字节） | C43: 变长 | D43: 每条可变：1 + N1 + 1 + N2 + 2（N1≤36，N2≤30）
A45: §4.7 DayPack · SettlementData（定长 10B）
A46: DayPack(0x10) 内部结构：定长 10 字节数值块
A47: 偏移(字节) | B47: 字段 | C47: 大小(字节) | D47: 上限(字节) | E47: 取值/枚举 | F47: 说明
A48: 0 | B48: TasksCompleted | C48: 1 | D48: - | E48: clamp 0–255 | F48: 已完成项数 = 已完成任务 + 已结束日程
A49: 1 | B49: TasksTotal | C49: 1 | D49: - | E49: clamp 0–255 | F49: 总项数 = 当日全部任务 + 全部今日日程
A50: 2 | B50: PointsEarned | C50: 2 | D50: - | E50: UInt16 BE | F50: 积分
A51: 4 | B51: TotalFocusMinutes | C51: 2 | D51: - | E51: UInt16 BE | F51: 总专注时间（分钟）
A52: 6 | B52: FocusSessionCount | C52: 1 | D52: - | E52: clamp 0–255 | F52: 专注会话次数
A53: 7 | B53: LongestFocusMinutes | C53: 2 | D53: - | E53: UInt16 BE | F53: 最长单次专注时间（分钟）
A54: 9 | B54: InterruptionCount | C54: 1 | D54: - | E54: clamp 0–255 | F54: 专注期间手机解锁次数
A55: 总长（字节） | C55: =SUM(C48:C54) | D55: 固定长度（字段均为定长字节）
A57: §4.21 TaskListSnapshotAck · Task 条目（0x1B）（子结构）
A58: TaskListSnapshotAck(0x1B) 内部结构：每条任务条目（由 TaskCount 指定条数，随后顺序编码）
A59: 偏移(字节) | B59: 字段 | C59: 大小(字节) | D59: 上限(字节) | E59: 取值/枚举 | F59: 说明
A60: 0 | B60: TaskIdLength | C60: 1 | D60: - | E60: 0–36 | F60: TaskId 的 UTF-8 字节数
A61: 1 | B61: TaskId | C61: N1 | D61: 36 | E61: UTF-8 | F61: 硬件任务 ID；App 对超长外部 ID 生成 h- + 32 位十六进制摘要
A62: 1+N1 | B62: TitleLength | C62: 1 | D62: - | E62: 0–30 | F62: Title 的 UTF-8 字节数
A63: ... | B63: Title | C63: N2 | D63: 30 | E63: UTF-8 | F63: 任务标题
A64: ... | B64: IsCompleted | C64: 1 | D64: - | E64: 0x00 / 0x01 | F64: 当前正常发送恒为 0x00（快照只含未完成任务）；字节保留为结构与 TopTask 一致
A65: ... | B65: Priority | C65: 1 | D65: - | E65: 1–3 | F65: 优先级
A66: Payload 总长（字节） | C66: 变长 | D66: 每条可变：1 + N1 + 1 + N2 + 2（N1≤36，N2≤30）
A68: §5.15 EventLogBatch（0x21）· Record 记录格式（子结构）
A69: EventLogBatch(0x21) 内部结构：Count(1B) + Records[] 记录流
A70: 偏移(字节) | B70: 字段 | C70: 大小(字节) | D70: 上限(字节) | E70: 取值/枚举 | F70: 说明
A71: 0 | B71: Count | C71: 1 | D71: - | E71: 0–255 | F71: 本批次记录条数；App 严格校验整批长度，必须恰好解析出 Count 条
A72: 1+ | B72: Records[] | C72: 变长 | D72: - | E72: 见下表 | F72: 顺序拼接的记录流；记录类型 1B + payload N B
A73: Payload 总长（字节） | C73: 变长 | D73: 可变：1 + Σ(1 + 各记录 payload)
A75: EventLogBatch · 各类事件记录字节长度（按事件类型）
A76: 事件类型 | B76: Payload 组成 | C76: 记录总长
A77: 0x01–0x06、0x31 | B77: 无 payload | C77: 1 字节
A78: 0x30（批量内） | B78: BatteryLevel(1B) | C78: 2 字节
A79: 0x18 | B79: StatusCode(1B) | C79: 2 字节
A80: 0x40 | B80: BatteryLevel(1B) | C80: 2 字节
A81: 0x16、0x17 | B81: Timestamp(4B) | C81: 5 字节
A82: 0x10 | B82: Length(1B) + TaskId(NB) + Timestamp(4B) | C82: 6+N 字节
A83: 0x11、0x12（v2.9） | B83: SubVersion(1B) + OperationID(4B) + TaskIdLength(1B) + TaskId(NB) + Timestamp(4B) | C83: 11+N 字节
A84: 0x13–0x15 | B84: Length(1B) + Id(NB) | C84: 2+N 字节
A85: 0x19、0x1A、0x20、0x22 | B85: 禁止入批（实时应答/控制请求） | C85: —
A87: 约定：大小以字节（Byte）为单位；「1+N」= 1 字节长度前缀 + N 字节内容；「…」表示偏移随前面的变长字段累积；多字节整数一律 Big Endian。来源：Kirole BLE 通信协议规格文档 2.10.1。

Sheet 设备事件-输入
A1: Device → App 事件详解（一）：输入与通知
A2: 单位：字节（Byte）；1+N = 1 字节长度前缀 + N 字节内容；简单事件包帧长 = 2 + Payload
A4: §5.2 基础输入事件（0x01–0x06）（无 Payload）
A5: 方向：Device → App（FFE2 Notify）｜传输：简单包｜用途：旋钮与电源输入｜无 payload：完整事件帧 = Type(1B) + Length(1B,=0) = 2 字节；明文（secure 模式经 0x7E 封装）
A6: 偏移(字节) | B6: 字段 | C6: 大小(字节) | D6: 上限(字节) | E6: 取值/枚举 | F6: 说明
A7: 0 | B7: Type 0x01 EncoderRotateUp | C7: 0 | D7: - | E7: 无 | F7: Encoder 旋钮向上旋转（顺时针）
A8: 0 | B8: Type 0x02 EncoderRotateDown | C8: 0 | D8: - | E8: 无 | F8: Encoder 旋钮向下旋转（逆时针）
A9: 0 | B9: Type 0x03 EncoderShortPress | C9: 0 | D9: - | E9: 无 | F9: Encoder 旋钮短按（确认）
A10: 0 | B10: Type 0x04 EncoderLongPress | C10: 0 | D10: - | E10: 无 | F10: Encoder 旋钮长按
A11: 0 | B11: Type 0x05 PowerShortPress | C11: 0 | D11: - | E11: 无 | F11: 电源按钮短按
A12: 0 | B12: Type 0x06 PowerLongPress | C12: 0 | D12: - | E12: 无 | F12: 电源按钮长按
A13: Payload 总长（字节） | C13: =SUM(C7:C12) | D13: 固定长度（字段均为定长字节）
A14: 完整帧长（字节） | C14: =2+C13 | D14: 简单事件包：Type(1B) + Length(1B) + Payload
A16: §5.3 EnterTaskIn（0x10，SubVersion 0x02）
A17: 方向：Device → App（FFE2 Notify）｜用途：专注开始；断连时立即本地生效并进入 OP_BATCH 等待队列，不等待 App 确认；详见「专注重连-1.2」页
A18: 偏移(字节) | B18: 字段 | C18: 大小(字节) | D18: 上限(字节) | E18: 取值/枚举 | F18: 说明
A19: 0..12 | B19: SessionHeader | C19: 13 | D19: - | E19: SubVersion(1)+OperationID(4)+FocusSessionId(8) | F19: OperationID 非零；FocusSessionId 唯一
A20: 13.. | B20: TaskId | C20: 1+N | D20: N≤36 | E20: TaskIdLength(1)+TaskId(N) | F20: 当前 Overview 条目的硬件任务 ID
A21: 14+N..17+N | B21: StartTimestamp | C21: 4 | D21: - | E21: UInt32 BE Unix Timestamp | F21: RTC 无效时置 0，由 App 按 elapsed 回推
A22: Payload 总长（字节） | C22: 18+N | D22: SubVersion(1)+OperationID(4)+FocusSessionId(8)+TaskId(1+N)+StartTimestamp(4)
A23: 完整帧长（字节） | C23: 2 + Payload（变长） | D23: 简单事件包：Type(1B) + Length(1B) + Payload
A25: §5.6 SelectedTaskChanged（0x13）
A26: 方向：Device → App（FFE2 Notify）｜传输：简单包｜用途：用户在概览页切换选中的任务；明文（secure 模式经 0x7E 封装）
A27: 偏移(字节) | B27: 字段 | C27: 大小(字节) | D27: 上限(字节) | E27: 取值/枚举 | F27: 说明
A28: 0 | B28: Length | C28: 1 | D28: - | E28: 0–255 | F28: TaskId 长度
A29: 1 | B29: TaskId | C29: N | D29: - | E29: UTF-8 | F29: 当前 Overview 条目的硬件任务 ID
A30: Payload 总长（字节） | C30: 变长 | D30: 可变：Length(1) + TaskId(N) = 1+N
A31: 完整帧长（字节） | C31: 2 + Payload（变长） | D31: 简单事件包：Type(1B) + Length(1B) + Payload
A33: §5.10 WheelSelect（0x14）
A34: 方向：Device → App（FFE2 Notify）｜传输：简单包｜用途：Encoder 旋钮按下（旋钮选择确认）｜App 当前仅记录/调试，不回发页面数据；明文（secure 模式经 0x7E 封装）
A35: 偏移(字节) | B35: 字段 | C35: 大小(字节) | D35: 上限(字节) | E35: 取值/枚举 | F35: 说明
A36: 0 | B36: Length | C36: 1 | D36: - | E36: 0–255 | F36: 选中项 ID 长度
A37: 1 | B37: ItemId | C37: N | D37: - | E37: UTF-8 | F37: 选中项 ID
A38: Payload 总长（字节） | C38: 变长 | D38: 可变：Length(1) + ItemId(N) = 1+N
A39: 完整帧长（字节） | C39: 2 + Payload（变长） | D39: 简单事件包：Type(1B) + Length(1B) + Payload
A41: §5.11 ViewEventDetail（0x15）
A42: 方向：Device → App（FFE2 Notify）｜传输：简单包｜用途：用户查看日历事件详情｜App 无需响应（自动超时返回概览页）；明文（secure 模式经 0x7E 封装）
A43: 偏移(字节) | B43: 字段 | C43: 大小(字节) | D43: 上限(字节) | E43: 取值/枚举 | F43: 说明
A44: 0 | B44: Length | C44: 1 | D44: - | E44: 0–255 | F44: EventId 长度
A45: 1 | B45: EventId | C45: N | D45: - | E45: UTF-8 | F45: Event ID
A46: Payload 总长（字节） | C46: 变长 | D46: 可变：Length(1) + EventId(N) = 1+N
A47: 完整帧长（字节） | C47: 2 + Payload（变长） | D47: 简单事件包：Type(1B) + Length(1B) + Payload
A49: §5.12 ReminderAcknowledged（0x16）
A50: 方向：Device → App（FFE2 Notify）｜传输：简单包｜用途：用户确认智能提醒；明文（secure 模式经 0x7E 封装）
A51: 偏移(字节) | B51: 字段 | C51: 大小(字节) | D51: 上限(字节) | E51: 取值/枚举 | F51: 说明
A52: 0 | B52: Timestamp | C52: 4 | D52: - | E52: UInt32 BE | F52: Unix Timestamp
A53: Payload 总长（字节） | C53: =SUM(C52:C52) | D53: 固定长度（字段均为定长字节）
A54: 完整帧长（字节） | C54: =2+C53 | D54: 简单事件包：Type(1B) + Length(1B) + Payload
A56: §5.13 ReminderDismissed（0x17）
A57: 方向：Device → App（FFE2 Notify）｜传输：简单包｜用途：智能提醒超时自动消失；明文（secure 模式经 0x7E 封装）
A58: 偏移(字节) | B58: 字段 | C58: 大小(字节) | D58: 上限(字节) | E58: 取值/枚举 | F58: 说明
A59: 0 | B59: Timestamp | C59: 4 | D59: - | E59: UInt32 BE | F59: Unix Timestamp
A60: Payload 总长（字节） | C60: =SUM(C59:C59) | D60: 固定长度（字段均为定长字节）
A61: 完整帧长（字节） | C61: =2+C60 | D61: 简单事件包：Type(1B) + Length(1B) + Payload
A63: §5.7 RequestRefresh（0x20）
A64: 方向：Device → App（FFE2 Notify）｜传输：简单包｜用途：设备请求数据刷新（v2.9 严格 v1）｜实时控制请求，禁止写入/重放到 EventLogBatch；专注期间固件约每 5 分钟周期发送；明文（secure 模式经 0x7E 封装）
A65: 偏移(字节) | B65: 字段 | C65: 大小(字节) | D65: 上限(字节) | E65: 取值/枚举 | F65: 说明
A66: 0 | B66: SubVersion | C66: 1 | D66: - | E66: 固定 0x01 | F66: 其他版本或空 payload 旧格式拒绝
A67: 1 | B67: RequestID | C67: 4 | D67: - | E67: UInt32 BE | F67: 必须非零；对应 0x1B.OperationID；重试时原样复用
A68: Payload 总长（字节） | C68: =SUM(C66:C67) | D68: 固定长度（字段均为定长字节）
A69: 完整帧长（字节） | C69: =2+C68 | D69: 简单事件包：Type(1B) + Length(1B) + Payload
A71: §5.8 DeviceWake（0x30）
A72: 方向：Device → App（FFE2 Notify）｜传输：简单包｜用途：设备上线通知 / Wake Notify｜BLE Notify 建立后固件主动上报；v2.7 实时帧固定 29B（App 仍可读旧 0/1/4/9B 包）；明文（secure 模式经 0x7E 封装）
A73: 偏移(字节) | B73: 字段 | C73: 大小(字节) | D73: 上限(字节) | E73: 取值/枚举 | F73: 说明
A74: 0 | B74: BatteryLevel | C74: 1 | D74: - | E74: clamp 0–100 | F74: 当前电量百分比
A75: 1 | B75: FwMajor | C75: 1 | D75: - | E75: 0–255 | F75: 固件版本 Major（v2.5.19 追加）
A76: 2 | B76: FwMinor | C76: 1 | D76: - | E76: 0–255 | F76: 固件版本 Minor
A77: 3 | B77: FwPatch | C77: 1 | D77: - | E77: 0–255 | F77: 固件版本 Patch
A78: 4 | B78: AvatarState | C78: 1 | D78: - | E78: 0x00 / 0x01 | F78: 0x00=正式库存无头像，0x01=有 committed KRI
A79: 5 | B79: AvatarID | C79: 16 | D79: - | E79: 16 原始字节 | F79: 正式头像 UUID；AvatarState=0 时全填 0
A80: 21 | B80: FileLength | C80: 4 | D80: - | E80: UInt32 BE | F80: committed KRI 文件长度；无图填 0
A81: 25 | B81: AvatarCRC32 | C81: 4 | D81: - | E81: CRC-32/IEEE BE | F81: committed KRI 文件校验值；无图填 0
A82: Payload 总长（字节） | C82: =SUM(C74:C81) | D82: 固定长度（字段均为定长字节）
A83: 完整帧长（字节） | C83: =2+C82 | D83: 简单事件包：Type(1B) + Length(1B) + Payload
A85: §5.9 DeviceSleep（0x31）
A86: 方向：Device → App（FFE2 Notify）｜传输：简单包｜用途：设备进入睡眠模式｜无 payload；App 收到后回发一帧 0x16 Screensaver（v2.6.0 修正）；明文（secure 模式经 0x7E 封装）
A87: 偏移(字节) | B87: 字段 | C87: 大小(字节) | D87: 上限(字节) | E87: 取值/枚举 | F87: 说明
A88: — | B88: （无字段） | C88: 0 | D88: - | E88: Length = 0 | F88: 完整事件帧 = Type(1B) + Length(1B) = 2 字节
A89: Payload 总长（字节） | C89: =SUM(C88:C88) | D89: 固定长度（字段均为定长字节）
A90: 完整帧长（字节） | C90: =2+C89 | D90: 简单事件包：Type(1B) + Length(1B) + Payload
A92: §5.14 LowBattery（0x40）
A93: 方向：Device → App（FFE2 Notify）｜传输：简单包｜用途：设备电量低通知；明文（secure 模式经 0x7E 封装）
A94: 偏移(字节) | B94: 字段 | C94: 大小(字节) | D94: 上限(字节) | E94: 取值/枚举 | F94: 说明
A95: 0 | B95: BatteryLevel | C95: 1 | D95: - | E95: clamp 0–100 | F95: 电量百分比；App 更新显示并推送低电量本地通知
A96: Payload 总长（字节） | C96: =SUM(C95:C95) | D96: 固定长度（字段均为定长字节）
A97: 完整帧长（字节） | C97: =2+C96 | D97: 简单事件包：Type(1B) + Length(1B) + Payload
A99: 约定：大小以字节（Byte）为单位；「1+N」= 1 字节长度前缀 + N 字节内容；「…」表示偏移随前面的变长字段累积；多字节整数一律 Big Endian。来源：Kirole BLE 通信协议规格文档 2.10.1。

Sheet 设备事件-动作与应答
A1: Device → App 事件详解（二）：任务动作与应答
A2: 单位：字节（Byte）；1+N = 1 字节长度前缀 + N 字节内容；简单事件包帧长 = 2 + Payload
A4: §5.4 CompleteTask（0x11，SubVersion 0x02）
A5: 方向：Device → App（FFE2 Notify）｜用途：完成任务并结束专注会话；断连时设备立即退出并排队，不等待 ACK；详见「专注重连-1.2」页
A6: 偏移(字节) | B6: 字段 | C6: 大小(字节) | D6: 上限(字节) | E6: 取值/枚举 | F6: 说明
A7: 0..12 | B7: SessionHeader | C7: 13 | D7: - | E7: SubVersion(1)+OperationID(4)+FocusSessionId(8) | F7: OperationID 非零；事件类型隐含结束原因
A8: 13 | B8: TaskIdLength | C8: 1 | D8: - | E8: 0–36 | F8: TaskId UTF-8 字节数
A9: 14 | B9: TaskId | C9: N | D9: 36 | E9: UTF-8 | F9: 与专注会话绑定的任务 ID
A10: 14+N..17+N | B10: EndTimestamp | C10: 4 | D10: - | E10: UInt32 BE | F10: 本地按键实际结束时间
A11: 18+N..21+N | B11: ElapsedSeconds | C11: 4 | D11: - | E11: UInt32 BE | F11: 本会话设备累计秒数，用于重连校准
A12: Payload 总长（字节） | C12: 22+N | D12: SubVersion(1)+OperationID(4)+FocusSessionId(8)+TaskId(1+N)+EndTimestamp(4)+ElapsedSeconds(4)
A13: 完整帧长（字节） | C13: 2 + Payload（变长） | D13: 简单事件包：Type(1B) + Length(1B) + Payload
A15: §5.5 SkipTask（0x12，SubVersion 0x02）
A16: 方向：Device → App（FFE2 Notify）｜用途：跳过任务并结束专注会话；断连时设备立即退出并排队，不等待 ACK；详见「专注重连-1.2」页
A17: 偏移(字节) | B17: 字段 | C17: 大小(字节) | D17: 上限(字节) | E17: 取值/枚举 | F17: 说明
A18: 0..12 | B18: SessionHeader | C18: 13 | D18: - | E18: SubVersion(1)+OperationID(4)+FocusSessionId(8) | F18: OperationID 非零；事件类型隐含结束原因
A19: 13 | B19: TaskIdLength | C19: 1 | D19: - | E19: 0–36 | F19: TaskId UTF-8 字节数
A20: 14 | B20: TaskId | C20: N | D20: 36 | E20: UTF-8 | F20: 与专注会话绑定的任务 ID
A21: 14+N..17+N | B21: EndTimestamp | C21: 4 | D21: - | E21: UInt32 BE | F21: 本地按键实际结束时间
A22: 18+N..21+N | B22: ElapsedSeconds | C22: 4 | D22: - | E22: UInt32 BE | F22: 本会话设备累计秒数，用于重连校准
A23: Payload 总长（字节） | C23: 22+N | D23: SubVersion(1)+OperationID(4)+FocusSessionId(8)+TaskId(1+N)+EndTimestamp(4)+ElapsedSeconds(4)
A24: 完整帧长（字节） | C24: 2 + Payload（变长） | D24: 简单事件包：Type(1B) + Length(1B) + Payload
A26: §5.17 OTAResult（0x18）
A27: 方向：Device → App（FFE2 Notify）｜传输：简单包｜用途：OTAReboot(0x18) 的应答事件｜方向双义；secure 模式必须经 0x7E 封装；明文（secure 模式经 0x7E 封装）
A28: 偏移(字节) | B28: 字段 | C28: 大小(字节) | D28: 上限(字节) | E28: 取值/枚举 | F28: 说明
A29: 0 | B29: StatusCode | C29: 1 | D29: - | E29: 见枚举页 | F29: 0x00=OK_START_UPGRADE；0x01–0x04、0xFF 为各类错误（详见「枚举与状态码」页）
A30: Payload 总长（字节） | C30: =SUM(C29:C29) | D30: 固定长度（字段均为定长字节）
A31: 完整帧长（字节） | C31: =2+C30 | D31: 简单事件包：Type(1B) + Length(1B) + Payload
A33: §5.18 WiFiDebugResult（0x19）
A34: 方向：Device → App（FFE2 Notify）｜传输：简单包｜用途：WiFiDebugMode(0x19) 的实时应答｜固定 2 字节；明文帧示例：19 02 01 00（开启成功）；明文（secure 模式经 0x7E 封装）
A35: 偏移(字节) | B35: 字段 | C35: 大小(字节) | D35: 上限(字节) | E35: 取值/枚举 | F35: 说明
A36: 0 | B36: Enabled | C36: 1 | D36: - | E36: 0x00 / 0x01 | F36: 当前实际状态（不是请求目标值）；其他值非法
A37: 1 | B37: StatusCode | C37: 1 | D37: - | E37: 见枚举页 | F37: 0x00=OK，0x01–0x04、0xFF 为错误（详见枚举页）
A38: Payload 总长（字节） | C38: =SUM(C36:C37) | D38: 固定长度（字段均为定长字节）
A39: 完整帧长（字节） | C39: =2+C38 | D39: 简单事件包：Type(1B) + Length(1B) + Payload
A41: §5.20 WiFiAvatarSessionResult（0x1A）
A42: 方向：Device → App（FFE2 Notify）｜传输：简单包｜用途：WiFiAvatarSession(0x1A) 的实时应答｜open 成功时携带一次性热点凭据 + HTTP 收图端点；明文（secure 模式经 0x7E 封装）
A43: 偏移(字节) | B43: 字段 | C43: 大小(字节) | D43: 上限(字节) | E43: 取值/枚举 | F43: 说明
A44: 0 | B44: Command | C44: 1 | D44: - | E44: 0x00 / 0x01 / 0x02 | F44: 原样回显 open/close/query
A45: 1 | B45: OperationID | C45: 4 | D45: - | E45: UInt32 BE | F45: 原样回显请求中的 OperationID
A46: 5 | B46: Status | C46: 1 | D46: - | E46: 见枚举页 | F46: 本次命令处理结果（同 WiFiDebugResult 状态码）
A47: 6 | B47: SSID | C47: 1+N1 | D47: 32 | E47: UTF-8 | F47: SoftAP 名称；非 open 成功时 N1=0
A48: ... | B48: Passphrase | C48: 1+N2 | D48: 63 | E48: UTF-8 | F48: SoftAP 密码（WPA2）；0 表示开放网络；非 open 成功时 N2=0
A49: ... | B49: Gateway | C49: 4 | D49: - | E49: IPv4 大端 | F49: SoftAP 网关，通常 C0 A8 04 01 = 192.168.4.1；非 open 成功时填 0
A50: ... | B50: Port | C50: 2 | D50: - | E50: UInt16 BE | F50: HTTP 收图端点端口（如 80/8080）；非 open 成功时填 0
A51: ... | B51: Path | C51: 1+N3 | D51: 32 | E51: UTF-8 | F51: HTTP 收图端点路径（如 /avatar）；非 open 成功时 N3=0
A52: ... | B52: Token | C52: 1+N4 | D52: 64 | E52: UTF-8 | F52: 会话一次性 Bearer token（绑 OperationID）；非 open 成功时 N4=0
A53: ... | B53: TTL | C53: 2 | D53: - | E53: UInt16 BE | F53: SoftAP 等待上传存活秒数（如 120）；到期自动关闭会话
A54: Payload 总长（字节） | C54: 变长 | D54: 变长：Command(1)+OperationID(4)+Status(1)+SSID(1+N1)+Passphrase(1+N2)+Gateway(4)+Port(2)+Path(1+N3)+Token(1+N4)+TTL(2)
A55: 完整帧长（字节） | C55: 2 + Payload（变长） | D55: 简单事件包：Type(1B) + Length(1B) + Payload
A57: §5.15 EventLogBatch（0x21）
A58: 方向：Device → App（FFE2 Notify）｜传输：简单包｜用途：批量回传事件日志（响应 0x20）｜记录格式见「子结构与记录」页；整批必须恰好解析出 Count 条；明文（secure 模式经 0x7E 封装）
A59: 偏移(字节) | B59: 字段 | C59: 大小(字节) | D59: 上限(字节) | E59: 取值/枚举 | F59: 说明
A60: 0 | B60: Count | C60: 1 | D60: - | E60: 0–255 | F60: 本批次记录条数
A61: 1+ | B61: Records[] | C61: 变长 | D61: - | E61: 见子结构页 | F61: eventType(1B) + eventPayload(NB) 顺序拼接
A62: Payload 总长（字节） | C62: 变长 | D62: 可变：Count(1) + Σ(1 + 各记录 payload)
A63: 完整帧长（字节） | C63: 2 + Payload（变长） | D63: 简单事件包：Type(1B) + Length(1B) + Payload
A65: §5.19 AvatarControlResult（0x22）
A66: 方向：Device → App（FFE2 Notify）｜传输：简单包｜用途：头像事务实时结果（固定 31B）｜只走当前 Notify，不写入 EventLogBatch；明文（secure 模式经 0x7E 封装）
A67: 偏移(字节) | B67: 字段 | C67: 大小(字节) | D67: 上限(字节) | E67: 取值/枚举 | F67: 说明
A68: 0 | B68: OperationID | C68: 4 | D68: - | E68: UInt32 BE | F68: staged 取自 0x15；命令结果原样回显该命令 OperationID
A69: 4 | B69: Status | C69: 1 | D69: - | E69: 0x01–0x05 | F69: 0x01=staged，0x02=committed，0x03=erased，0x04=state，0x05=aborted
A70: 5 | B70: AvatarState | C70: 1 | D70: - | E70: 0x00–0x02 | F70: 0x00=empty，0x01=staged，0x02=committed
A71: 6 | B71: CustomActive | C71: 1 | D71: - | E71: 0x00 / 0x01 | F71: 固件当前真实激活状态
A72: 7 | B72: AvatarID | C72: 16 | D72: - | E72: 16 原始字节 | F72: empty 时全 16B 为 0；否则为当前 AvatarState 所指文件的 UUID
A73: 23 | B73: FileLength | C73: 4 | D73: - | E73: UInt32 BE | F73: 对应 staged 或 committed KRI 文件长度；empty 时为 0
A74: 27 | B74: FileCRC32 | C74: 4 | D74: - | E74: CRC-32/IEEE BE | F74: 对应文件校验值；empty 时为 0
A75: Payload 总长（字节） | C75: =SUM(C68:C74) | D75: 固定长度（字段均为定长字节）
A76: 完整帧长（字节） | C76: =2+C75 | D76: 简单事件包：Type(1B) + Length(1B) + Payload
A78: 约定：大小以字节（Byte）为单位；「1+N」= 1 字节长度前缀 + N 字节内容；「…」表示偏移随前面的变长字段累积；多字节整数一律 Big Endian。来源：Kirole BLE 通信协议规格文档 2.10.1。

Sheet 枚举与状态码
A1: 取值表：枚举与状态码
A2: 供各命令字段引用 · 单位：字节（Byte）
A4: Mood（0x01 PetStatus / 0x13 PetMoodByte）
A5: 值 | B5: 名称/说明 | C5: 补充说明
A6: H | B6: Happy | C6: 心情首字母（ASCII）
A7: E | B7: Excited
A8: F | B8: Focused
A9: S | B9: Sleepy
A10: M | B10: Missing You
A12: CharacterId（0x01 PetStatus）
A13: 值 | B13: 名称/说明 | C13: 补充说明
A14: joy | B14: Joy（喜乐） | C14: 伴侣 IP，内置形象
A15: silas | B15: Silas（仁爱）
A16: nova | B16: Nova（节制 / 自律）
A18: Condition（0x04 Weather 天气状况）
A19: 值 | B19: 名称/说明 | C19: 补充说明
A20: sun.max.fill | B20: 晴天
A21: cloud.fill | B21: 多云
A22: cloud.sun.fill | B22: 局部多云
A23: cloud.rain.fill | B23: 雨天
A24: cloud.snow.fill | B24: 雪天
A25: cloud.bolt.fill | B25: 暴风雨
A27: Category（0x10 DayPack Event 类别，v2.5.27）
A28: 值 | B28: 名称/说明 | C28: 补充说明
A29: 0x00 | B29: 未分类（保留值） | C29: 不画图标；App 自 v2.5.28 起不再发送，归类不了的一律按 0x03 下发
A30: 0x01 | B30: Deep Work（深度工作/核心生产力） | C30: 内置图标：沙漏
A31: 0x02 | B31: Meetings & Synced（会议与协同沟通） | C31: 内置图标：对话气泡
A32: 0x03 | B32: Administrative & Routine（行政日常琐碎） | C32: 内置图标：点赞
A33: 0x04 | B33: Critical Deadlines（硬性死线与交付） | C33: 内置图标：对勾
A34: 0x05 | B34: Bio-Habits & Wellness（生物钟习惯与健康） | C34: 内置图标：爱心
A35: 0x06 | B35: Rest & Recharge（充能与私人生活） | C35: 内置图标：笑脸
A37: DeviceMode / Phase（0x12 / 0x14）
A38: 值 | B38: 名称/说明 | C38: 补充说明
A39: 0x00 | B39: Interactive（0x12） / idle（0x14） | C39: 0x12：交互模式；0x14：无活跃专注会话
A40: 0x01 | B40: Focus（0x12） / warmup（0x14） | C40: 0x14：当前未打断段 0–5 分钟
A41: 0x02 | B41: building（0x14） | C41: 当前未打断段 6–15 分钟
A42: 0x03 | B42: deep（0x14） | C42: 当前未打断段 16 分钟以上
A44: ReminderType（0x13 SmartReminder）
A45: 值 | B45: 名称/说明 | C45: 补充说明
A46: 0x00 | B46: Gentle | C46: 普通提醒，标准显示
A47: 0x01 | B47: Urgent | C47: 紧急提醒，加粗边框显示
A49: SceneId / SceneByte（0x17 SceneUnlock / 0x16 Screensaver）
A50: 值 | B50: 名称/说明 | C50: 补充说明
A51: 0x00 | B51: harbor | C51: 港口场景
A52: 0x01 | B52: forest | C52: 森林场景
A53: 0x02 | B53: nightCity | C53: 城市夜景场景
A55: ContentType（0x16 Screensaver）
A56: 值 | B56: 名称/说明 | C56: 补充说明
A57: 0x00 | B57: normal | C57: 金句
A58: 0x01 | B58: postcard | C58: 明信片
A60: Command（0x19 WiFiDebugMode / 0x1A WiFiAvatarSession）
A61: 值 | B61: 名称/说明 | C61: 补充说明
A62: 0x00 | B62: close | C62: 关闭 / 停止 SoftAP
A63: 0x01 | B63: open | C63: 开启并回报状态（0x1A 附带凭据与端点）
A64: 0x02 | B64: query | C64: 查询当前实际状态，不改变状态
A66: Command（0x22 AvatarControl）
A67: 值 | B67: 名称/说明 | C67: 补充说明
A68: 0x01 | B68: commit | C68: 原子提交已 staged 的同 OperationID+AvatarID 候选图并启用
A69: 0x02 | B69: eraseExact | C69: 仅在正式库存 AvatarID 精确相等时擦除并重建分区
A70: 0x03 | B70: eraseAll | C70: AvatarID 全 16B 为 0；退出登录/账户清理
A71: 0x04 | B71: query | C71: AvatarID 全 16B 为 0；查询 staged 或 committed 真实库存（只读）
A72: 0x05 | B72: abort | C72: AvatarID 全 16B 为 0；仅 commit 前放弃候选临时文件
A74: Action（0x1B TaskListSnapshotAck）
A75: 值 | B75: 名称/说明 | C75: 补充说明
A76: 0x11 | B76: Complete | C76: 原请求动作为完成
A77: 0x12 | B77: Skip | C77: 原请求动作为跳过
A78: 0x20 | B78: Refresh | C78: 原请求动作为刷新（OperationID=RequestID）
A80: Result（0x1B TaskListSnapshotAck）
A81: 值 | B81: 名称/说明 | C81: 补充说明
A82: 0x00 | B82: applied | C82: 新操作已成功应用
A83: 0x01 | B83: alreadyApplied | C83: 首次收到该 OperationID 时任务已是完成状态
A84: 0x02 | B84: taskNotFound | C84: App 找不到 TaskId，任务状态未改变
A85: 0x03 | B85: invalidRequest | C85: 业务校验失败，或同一 OperationID 被复用于不同 payload
A86: 0x04 | B86: supersededByApp | C86: App 已有更新的决定，本次设备动作未覆盖
A87: 0xFF | B87: internalError | C87: App 内部处理失败；设备保留上个已确认快照并可重试
A89: StatusCode（0x18 OTAResult）
A90: 值 | B90: 名称/说明 | C90: 补充说明
A91: 0x00 | B91: OK_START_UPGRADE | C91: 升级包检查通过，发应答后立即重启进入升级（BLE 关闭约 20 秒）
A92: 0x01 | B92: ERR_NO_FILE | C92: 无 update.bin；不重启
A93: 0x02 | B93: ERR_FILE_SIZE | C93: 文件大小异常（=0 或 >3MB）；不重启
A94: 0x03 | B94: ERR_SD_CARD | C94: SD 卡未挂载；不重启
A95: 0x04 | B95: ERR_OTA_FAILED | C95: 升级写入失败；不重启
A96: 0xFF | B96: ERR_UNKNOWN | C96: 未知错误；不重启
A98: StatusCode（0x19 WiFiDebugResult / 0x1A WiFiAvatarSessionResult Status）
A99: 值 | B99: 名称/说明 | C99: 补充说明
A100: 0x00 | B100: OK | C100: 命令处理成功
A101: 0x01 | B101: ERR_UNSUPPORTED | C101: 当前固件/硬件不支持（App 回退 BLE 0x15）
A102: 0x02 | B102: ERR_BUSY | C102: SoftAP 被 0x19 占用或另一会话进行中
A103: 0x03 | B103: ERR_WIFI_INIT_FAILED | C103: WiFi / SoftAP 初始化失败
A104: 0x04 | B104: ERR_INVALID_COMMAND | C104: 命令值或 payload 长度非法
A105: 0xFF | B105: ERR_UNKNOWN | C105: 未知错误
A107: Status / AvatarState（0x22 AvatarControlResult）
A108: 值 | B108: 名称/说明 | C108: 补充说明
A109: 0x01 / 0x01 | B109: staged | C109: 候选图已暂存（Status）；AvatarState=staged 表示指向 staged 候选
A110: 0x02 / 0x02 | B110: committed | C110: 已原子替换并启用（Status）；AvatarState=committed 表示正式库存
A111: 0x03 | B111: erased（Status） | C111: 擦除并重建分区成功
A112: 0x04 | B112: state（Status） | C112: query 返回当前状态
A113: 0x05 | B113: aborted（Status） | C113: 已取消事务
A114: 0x00 | B114: empty（AvatarState） | C114: 无头像文件
A116: 约定：以上取值均为字节值/字面值；来源：Kirole BLE 通信协议规格文档 2.10.1。
...

Sheet OfflineSync-0x25
A1: 0x25 OfflineSync 双向协议详解 · Ver 1.3.1（含专注裁决 RESULT）
A2: 方向：双向｜多字节整数：Big Endian｜FOCUS_RESOLVE(0x06) 必须以 RESULT(0x81) 应答；专注裁决与数据 COMMIT 分离
A4: 一、命令与 Opcode 总览
A5: Type | B5: Opcode | C5: 名称 | D5: 方向 | E5: Payload 长度 | F5: 作用
A6: ="0x25" | B6: ="0x01" | C6: BEGIN | D6: App → 设备 | E6: 14 | F6: 开始离线数据同步事务
A7: ="0x25" | B7: ="0x02" | C7: COMMIT | D7: App → 设备 | E7: 5 | F7: 原子启用已暂存的数据
A8: ="0x25" | B8: ="0x03" | C8: ABORT | D8: App → 设备 | E8: 5 | F8: 放弃当前暂存数据
A9: ="0x25" | B9: ="0x04" | C9: QUERY | D9: App → 设备 | E9: 1 | F9: 查询设备同步状态
A10: ="0x25" | B10: ="0x05" | C10: OP_ACK | D10: App → 设备 | E10: 9 | F10: 确认离线操作已连续处理完成
A11: ="0x25" | B11: ="0x80" | C11: STATE | D11: 设备 → App | E11: 20 | F11: 返回当前数据、事务和操作队列状态
A12: ="0x25" | B12: ="0x81" | C12: RESULT | D12: 设备 → App | E12: 7 | F12: 返回同步处理结果；包含 FOCUS_RESOLVE 应答
A13: ="0x25" | B13: ="0x82" | C13: OP_BATCH | D13: 设备 → App | E13: 6 + Records[] | F13: 批量补报离线操作
A14: 0x25 | B14: 0x06 | C14: FOCUS_RESOLVE | D14: App → 设备 | E14: 33 | F14: 确认专注操作处理完成并下发权威裁决
A15: 0x25 | B15: 0x83 | C15: FOCUS_STATE | D15: 设备 → App | E15: 37+N | F15: 重连时上报当前专注快照；早于普通 FocusStatus
A17: 二、BEGIN（Opcode 0x01）
A18: App → 设备｜简单包｜用于声明同步事务、版本、有效期和本次数据集范围
A19: 偏移(字节) | B19: 字段 | C19: 大小(字节) | D19: 上限/取值 | E19: 说明 | F19: 备注
A20: 0 | B20: Opcode | C20: 1 | D20: 固定 0x01 | E20: BEGIN | F20: 首字节
A21: 1..4 | B21: SyncId | C21: 4 | D21: UInt32 BE，非零 | E21: 本次同步事务 ID | F21: COMMIT / ABORT / RESULT 必须对应
A22: 5..8 | B22: Revision | C22: 4 | D22: UInt32 BE | E22: 本次完整数据版本 | F22: 提交后成为 ActiveRevision
A23: 9..12 | B23: ValidUntil | C23: 4 | D23: Unix Timestamp，UInt32 BE | E23: 数据有效期截止时间 | F23: 过期后停止触发新业务动作
A24: 13 | B24: DatasetMask | C24: 1 | D24: bit0..bit2 | E24: 本次包含的数据集合 | F24: bit0(0x01)：TaskList \ bit1(0x02)：Schedule \ bit2(0x04)：DayPack 其他位必须为 0
A25: Payload 总长 | B25: 14 | C25: 完整帧长 | D25: 17 | E25: 传输 | F25: 简单包：Type(1B)+Length(2B)+Payload
A27: 三、COMMIT / ABORT（Opcode 0x02 / 0x03）
A28: App → 设备｜简单包｜COMMIT 原子切换数据；ABORT 放弃当前暂存数据
A29: 偏移(字节) | B29: 字段 | C29: 大小(字节) | D29: 上限/取值 | E29: 说明 | F29: 备注
A30: 0 | B30: Opcode | C30: 1 | D30: 0x02 / 0x03 | E30: COMMIT / ABORT | F30: 首字节
A31: 1..4 | B31: SyncId | C31: 4 | D31: UInt32 BE | E31: 目标同步事务 ID | F31: 不匹配时不得提交
A32: Payload 总长 | B32: 5 | C32: 完整帧长 | D32: 8 | E32: 传输 | F32: 简单包：Type(1B)+Length(2B)+Payload
A34: 四、QUERY（Opcode 0x04）
A35: App → 设备｜简单包｜查询当前离线数据、事务与待补报操作状态
A36: 偏移(字节) | B36: 字段 | C36: 大小(字节) | D36: 上限/取值 | E36: 说明 | F36: 备注
A37: 0 | B37: Opcode | C37: 1 | D37: 固定 0x04 | E37: QUERY | F37: 无其他字段
A38: Payload 总长 | B38: 1 | C38: 完整帧长 | D38: 4 | E38: 传输 | F38: 简单包：Type(1B)+Length(2B)+Payload
A40: 五、OP_ACK（Opcode 0x05）
A41: App → 设备｜简单包｜仅确认已连续成功处理到的最大 OperationID
A42: 偏移(字节) | B42: 字段 | C42: 大小(字节) | D42: 上限/取值 | E42: 说明 | F42: 备注
A43: 0 | B43: Opcode | C43: 1 | D43: 固定 0x05 | E43: OP_ACK | F43: 首字节
A44: 1..4 | B44: BootSessionId | C44: 4 | D44: UInt32 BE | E44: 设备启动会话 ID | F44: 必须匹配 OP_BATCH
A45: 5..8 | B45: AckOperationID | C45: 4 | D45: UInt32 BE | E45: 连续成功处理到的最大 OperationID | F45: 设备据此删除已确认记录
A46: Payload 总长 | B46: 9 | C46: 完整帧长 | D46: 12 | E46: 传输 | F46: 简单包：Type(1B)+Length(2B)+Payload
A48: 六、STATE（Opcode 0x80）
A49: 设备 → App｜简单事件包｜返回当前有效数据、事务、待补报队列和启动会话
A50: 偏移(字节) | B50: 字段 | C50: 大小(字节) | D50: 上限/取值 | E50: 说明 | F50: 备注
A51: 0 | B51: Opcode | C51: 1 | D51: 固定 0x80 | E51: STATE | F51: 首字节
A52: 1..4 | B52: ActiveRevision | C52: 4 | D52: UInt32 BE | E52: 当前有效数据版本 | F52: 无有效数据时按实现约定返回 0
A53: 5..8 | B53: ValidUntil | C53: 4 | D53: Unix Timestamp，UInt32 BE | E53: 当前数据有效期 | F53: 到期需请求刷新
A54: 9 | B54: DatasetMask | C54: 1 | D54: bit0..bit2 | E54: 当前有效数据集合 | F54: 其他位必须为 0
A55: 10 | B55: StateFlags | C55: 1 | D55: bit0..bit4 | E55: 状态标志 | F55: 其他位保留
A56: 11 | B56: PendingCount | C56: 1 | D56: 0..255 | E56: 待补报离线操作数量（含 FocusStart / Complete / Skip） | F56: 建议队列上限 64 条
A57: 12..15 | B57: BootSessionId | C57: 4 | D57: UInt32 BE | E57: 本次设备启动会话 ID | F57: 与 OperationID 共同构成幂等键
A58: 16..19 | B58: CurrentSyncId | C58: 4 | D58: UInt32 BE | E58: 当前事务 ID | F58: 无事务时为 0
A59: Payload 总长 | B59: 20 | C59: 完整帧长 | D59: 22 | E59: 传输 | F59: 简单事件包：Type(1B)+Length(1B)+Payload
A61: 七、RESULT（Opcode 0x81）
A62: 设备 → App｜简单事件包｜返回目标命令或事务的同步处理结果
A63: 偏移(字节) | B63: 字段 | C63: 大小(字节) | D63: 上限/取值 | E63: 说明 | F63: 备注
A64: 0 | B64: Opcode | C64: 1 | D64: 固定 0x81 | E64: RESULT | F64: 首字节
A65: 1..4 | B65: SyncId | C65: 4 | D65: UInt32 BE | E65: 对应同步事务 ID | F65: BEGIN 对应事务 SyncId；FOCUS_RESOLVE 对应 ResolveID
A66: 5 | B66: TargetType | C66: 1 | D66: 0x02 / 0x03 / 0x10 / 0x25 | E66: 处理目标类型 | F66: 原命令或 OfflineSync
A67: 6 | B67: ResultCode | C67: 1 | D67: 见结果码表 | E67: 同步处理结果 | F67: FOCUS_RESOLVE 仅匹配 ResolveID 的 COMMITTED 可解锁
A68: Payload 总长 | B68: 7 | C68: 完整帧长 | D68: 9 | E68: 传输 | F68: 简单事件包：Type(1B)+Length(1B)+Payload
A70: 八、OP_BATCH（Opcode 0x82）与 Record
A71: 设备 → App｜简单事件包｜按 OperationID 顺序批量补报断连期间产生的原事件
A72: 偏移(字节) | B72: 字段 | C72: 大小(字节) | D72: 上限/取值 | E72: 说明 | F72: 备注
A73: 0 | B73: Opcode | C73: 1 | D73: 固定 0x82 | E73: OP_BATCH | F73: 首字节
A74: 1..4 | B74: BootSessionId | C74: 4 | D74: UInt32 BE | E74: 设备启动会话 ID | F74: 幂等键组成部分
A75: 5 | B75: Count | C75: 1 | D75: 0..255 | E75: 本批 Record 数量 | F75: 接收端必须解析出 Count 条
A76: 6.. | B76: Records[] | C76: 变长 | D76: Count 条 | E76: 离线操作记录数组 | F76: 按 OperationID 递增顺序
A77: Payload 总长 | B77: 6 + Σ(6+N) | C77: 完整帧长 | D77: 2 + Payload | E77: 传输 | F77: 简单事件包；需满足 1B Length 上限
A79: Record 偏移 | B79: 字段 | C79: 大小(字节) | D79: 上限/取值 | E79: 说明 | F79: 备注
A80: 0..3 | B80: OperationID | C80: 4 | D80: UInt32 BE，递增 | E80: 离线操作 ID | F80: 同一 BootSessionId 内唯一
A81: 4 | B81: EventType | C81: 1 | D81: 0x10 / 0x11 / 0x12 等原事件 Type；专注操作使用 v2 payload | E81: 原事件类型 | F81: 字段定义保持不变
A82: 5 | B82: PayloadLen | C82: 1 | D82: 0..255 | E82: OriginalPayload 字节数 | F82: 必须与剩余字节一致
A83: 6.. | B83: OriginalPayload | C83: N | D83: 原事件 Payload | E83: 原事件载荷 | F83: 专注操作字段定义见「专注重连-1.2」页
A84: Record 总长 | B84: 6 + N | C84: 幂等键 | D84: DeviceId + BootSessionId + OperationID | E84: ACK 规则 | F84: 仅 ACK 连续处理成功的最大 OperationID
A86: 九、DatasetMask 位定义
A87: 位 | B87: 掩码 | C87: 数据集 | D87: 对应命令 | E87: 作用 | F87: 约束
A88: bit0 | B88: ="0x01" | C88: TaskList | D88: ="0x02" | E88: 离线任务执行数据 | F88: 以 0x02 为业务准则
A89: bit1 | B89: ="0x02" | C89: Schedule | D89: ="0x03" | E89: 完整独立 Schedule v2 日程快照 | F89: 必须使用 Schedule v2；与 DayPack 同批提交时先应用 DayPack、再应用 Schedule，Schedule 对日程可见字段拥有最终优先级
A90: bit2 | B90: ="0x04" | C90: DayPack | D90: ="0x10" | E90: 当天展示与兜底数据 | F90: 仅在掩码包含时下发
A91: bit3..bit7 | B91: 保留 | C91: - | D91: - | E91: 不得使用 | F91: 必须为 0
A93: 十、StateFlags 位定义
A94: 位 | B94: 掩码 | C94: 名称 | D94: 置 1 含义 | E94: App 行为 | F94: 备注
A95: bit0 | B95: ="0x01" | C95: DataValid | D95: 当前离线数据有效 | E95: 可按 ValidUntil 使用 | F95: 到期后不再触发新业务动作
A96: bit1 | B96: ="0x02" | C96: TransactionOpen | D96: 存在未完成事务 | E96: 依据 CurrentSyncId 处理 | F96: 断连或异常时可重新完整同步
A97: bit2 | B97: ="0x04" | C97: NeedsFullSync | D97: 需要完整同步 | E97: 重新执行 BEGIN→数据集→COMMIT | F97: 复位、掉电或 RAM 丢失后置位
A98: bit3 | B98: ="0x08" | C98: OperationOverflow | D98: 离线操作队列溢出 | E98: 优先拉取并进行业务补偿 | F98: 建议队列上限 64 条
A99: bit4 | B99: 0x10 | C99: FocusSyncPending | D99: 存在未裁决专注快照或操作 | E99: 先处理 FOCUS_STATE/OP_BATCH | F99: 裁决完成前不得下发普通 0x14 覆盖设备
A100: bit5..bit7 | B100: 保留 | C100: - | D100: 保留 | E100: 忽略未知保留位 | F100: 发送端不得主动置位
A102: 十一、ResultCode 建议值
A103: 值 | B103: 名称 | C103: 含义 | D103: 适用阶段 | E103: App 处理 | F103: 备注
A104: ="0x00" | B104: ACCEPTED | C104: 已接受请求 | D104: BEGIN / FOCUS_RESOLVE | E104: BEGIN 继续；FOCUS_RESOLVE 不解锁 | F104: ResolveResult=rejected/internalError 时保持状态与队列
A105: ="0x01" | B105: STAGED | C105: 数据已暂存 | D105: 0x02 / 0x03 / 0x10 | E105: 等待全部数据后 COMMIT
A106: ="0x02" | B106: COMMITTED | C106: 事务已原子提交 | D106: COMMIT / FOCUS_RESOLVE | E106: COMMIT 完成数据事务；FOCUS_RESOLVE 解除专注锁定 | F106: FOCUS_RESOLVE 相同请求幂等重放仍返回 COMMITTED
A107: ="0x10" | B107: INVALID_STATE | C107: 当前状态不允许 | D107: 任意 | E107: 查询 STATE 后重试或全量同步
A108: ="0x11" | B108: MISSING_DATASET | C108: 缺少 DatasetMask 指定数据 | D108: COMMIT | E108: 补齐数据或 ABORT 后重开事务
A109: ="0x12" | B109: EXPIRED | C109: 数据有效期已过 | D109: BEGIN / COMMIT | E109: 使用新 ValidUntil 重建事务
A110: ="0x13" | B110: INVALID_PAYLOAD | C110: Payload 非法 | D110: 任意 | E110: 修正编码后重发
A111: ="0x14" | B111: BUSY | C111: 设备忙 | D111: 任意 | E111: 稍后重试
A112: ="0xFF" | B112: INTERNAL_ERROR | C112: 设备内部错误 | D112: 任意 | E112: 记录并重新查询状态

Sheet 专注重连-1.2
A1: 专注状态断连重连同步协议 · Ver 1.2.0
A2: 设备离线操作立即生效；FOCUS_RESOLVE 必须收到匹配 RESULT/COMMITTED 后才解锁；DayPack/数据 COMMIT 不是重连必经步骤
A4: 一、同步原则
A5: 规则 | B5: 触发 | C5: 设备行为 | D5: App 行为 | E5: 时间规则 | F5: 备注
A6: P1 | B6: BLE 断连 | C6: 仅本地有效按键可改变设备专注状态；立即生效 | D6: 不得用旧缓存状态否定设备操作 | E6: 记录秒级时间 | F6: 在线行为保持现有流程
A7: P2 | B7: 离线进入 | C7: 生成 FocusSessionId，进入专注页并排队 FocusStart | D7: 重连后接受设备会话并开启挡板 | E7: 设备开始时间优先 | F7: 不等待 TaskInPage/ACK
A8: P3 | B8: 线上进入后断连 | C8: 保留原 FocusSessionId 并继续本地计时 | D8: 保留原会话，不重复创建 | E8: App 原开始时间优先 | F8: 预计误差 ≤120 秒
A9: P4 | B9: 离线退出 | C9: 立即停止计时、退出页面并排队 Complete/Skip | D9: 重连后撤挡板并只结算一次 | E9: 结束优先 | F9: 不等待 0x1B/超时
A10: P5 | B10: 重连 | C10: 先发 FOCUS_STATE 和 OP_BATCH | D10: 先裁决再发普通 0x14 | E10: Phase/Bottles 按权威时长派生 | F10: 禁止双方数值相加
A12: 二、OfflineSync 专注 Opcode 总览
A13: Type | B13: Opcode | C13: 名称 | D13: 方向 | E13: Payload 长度 | F13: 作用
A14: 0x25 | B14: 0x06 | C14: FOCUS_RESOLVE | D14: App → Device | E14: 33 | F14: 确认离线操作处理完成并下发权威专注裁决
A15: 0x25 | B15: 0x83 | C15: FOCUS_STATE | D15: Device → App | E15: 37+N | F15: 重连时主动上报当前专注快照；必须早于普通 0x14
A16: Type 0x25 | B16: Opcode 0x81 | C16: RESULT | D16: Device → App | E16: 7 | F16: SyncId=ResolveID；COMMITTED(0x02) 解锁
A18: 三、FocusStatus（0x14，SubVersion 0x02）
A19: App → Device｜同步完成后的权威状态心跳；FocusRevision=0 仅表示无有效版本，首个有效版本从 1 开始；旧于设备已应用版本时拒绝
A20: 偏移 | B20: 字段 | C20: 大小 | D20: 取值 | E20: 说明 | F20: 约束
A21: 0 | B21: SubVersion | C21: 1 | D21: 固定 0x02 | E21: FocusStatus v2 | F21: 旧固件继续使用旧版结构
A22: 1..4 | B22: FocusRevision | C22: 4 | D22: UInt32 BE | E22: App 权威专注版本 | F22: 0 仅表示无有效版本，首个有效版本为 1；每个不同的完整 0x14 内容严格递增；同 revision 只重试同一冻结内容的原字节；不得回绕到 0
A23: 5..12 | B23: FocusSessionId | C23: 8 | D23: 原始 8B | E23: BootSessionId + StartOperationID | F23: idle 时全 0
A24: 13 | B24: FocusState | C24: 1 | D24: 0x00..0x02 | E24: idle / active / endedPending | F24: 见枚举页
A25: 14 | B25: Phase | C25: 1 | D25: 0..3 | E25: 显示阶段 | F25: 按权威 elapsed 派生
A26: 15 | B26: Bottles | C26: 1 | D26: 0..255 | E26: 本会话能量瓶显示值 | F26: 不得把双方瓶子相加
A27: 16..19 | B27: ElapsedSeconds | C27: 4 | D27: UInt32 BE | E27: 权威累计秒数 | F27: 替代分钟级同步
A28: 20.. | B28: TaskTitle | C28: 1+N | D28: N≤40 | E28: 长度前缀任务标题 | F28: idle 时 N=0
A29: 21+N..24+N | B29: SegmentSeconds | C29: 4 | D29: UInt32 BE | E29: 当前未打断连续秒数 | F29: 会话结束时可为 0
A30: Payload 总长 | B30: 25+N | C30: 完整帧长 | D30: 28+N | E30: 传输 | F30: 简单包：Type(1)+Length(2)+Payload
A32: 四、EnterTaskIn（0x10，SubVersion 0x02）
A33: Device → App｜线上实时发送；断连时写入 OP_BATCH，设备立即进入专注
A34: 偏移 | B34: 字段 | C34: 大小 | D34: 取值 | E34: 说明 | F34: 约束
A35: 0 | B35: SubVersion | C35: 1 | D35: 固定 0x02 | E35: 专注操作 v2 | F35: 其他版本拒绝
A36: 1..4 | B36: OperationID | C36: 4 | D36: UInt32 BE 非零 | E36: 本次开始操作 ID | F36: 重传必须原样复用
A37: 5..12 | B37: FocusSessionId | C37: 8 | D37: 原始 8B | E37: BootSessionId + 本 StartOperationID | F37: 全局幂等会话键
A38: 13.. | B38: TaskId | C38: 1+N | D38: N≤36 | E38: TaskIdLength + TaskId | F38: 可打印 ASCII
A39: 14+N..17+N | B39: StartTimestamp | C39: 4 | D39: UInt32 BE | E39: 开始 Unix 时间 | F39: RTC 无效时置 0
A40: Payload 总长 | B40: 18+N | C40: 完整帧长 | D40: 20+N | E40: 传输 | F40: 简单事件包；离线时作为 OP_BATCH.OriginalPayload
A42: 五、CompleteTask / SkipTask（0x11 / 0x12，SubVersion 0x02）
A43: Device → App｜事件 Type 隐含 complete/skip；断连时本地立即退出并写入 OP_BATCH
A44: 偏移 | B44: 字段 | C44: 大小 | D44: 取值 | E44: 说明 | F44: 约束
A45: 0 | B45: SubVersion | C45: 1 | D45: 固定 0x02 | E45: 专注结束操作 v2 | F45: 其他版本拒绝
A46: 1..4 | B46: OperationID | C46: 4 | D46: UInt32 BE 非零 | E46: 本次结束操作 ID | F46: 重传必须原样复用
A47: 5..12 | B47: FocusSessionId | C47: 8 | D47: 原始 8B | E47: 要结束的会话 | F47: 必须匹配活动会话
A48: 13.. | B48: TaskId | C48: 1+N | D48: N≤36 | E48: TaskIdLength + TaskId | F48: 与开始操作一致
A49: 14+N..17+N | B49: EndTimestamp | C49: 4 | D49: UInt32 BE | E49: 本地按键结束时间 | F49: RTC 无效时置 0
A50: 18+N..21+N | B50: ElapsedSeconds | C50: 4 | D50: UInt32 BE | E50: 设备累计秒数 | F50: 用于回推与异常校验
A51: Payload 总长 | B51: 22+N | C51: 完整帧长 | D51: 24+N | E51: 传输 | F51: 简单事件包；离线时作为 OP_BATCH.OriginalPayload
A53: 六、FOCUS_RESOLVE（0x25 / Opcode 0x06）
A54: App → Device｜完成 OP_BATCH 幂等处理后下发；设备返回匹配 ResolveID 的 RESULT/COMMITTED 后，App 才能解除 focusSyncLocked
A55: 偏移 | B55: 字段 | C55: 大小 | D55: 取值 | E55: 说明 | F55: 约束
A56: 0 | B56: Opcode | C56: 1 | D56: 固定 0x06 | E56: FOCUS_RESOLVE | F56: 首字节
A57: 1..4 | B57: ResolveID | C57: 4 | D57: UInt32 BE 非零 | E57: 本次裁决请求 ID | F57: 重试原样复用
A58: 5..12 | B58: FocusSessionId | C58: 8 | D58: 原始 8B | E58: 裁决后的活动/结束会话 | F58: idle 且无历史目标时全 0
A59: 13 | B59: FocusState | C59: 1 | D59: 0x00..0x02 | E59: 最终状态 | F59: 见枚举页
A60: 14 | B60: ResolveResult | C60: 1 | D60: 见枚举页 | E60: accepted/closed/conflictResolved 等 | F60: 失败时设备保留队列
A61: 15..18 | B61: StartTimestamp | C61: 4 | D61: UInt32 BE | E61: 权威开始时间 | F61: 离线创建采用设备时间
A62: 19..22 | B62: EndTimestamp | C62: 4 | D62: UInt32 BE | E62: 权威结束时间 | F62: 活动会话为 0
A63: 23..26 | B63: ElapsedSeconds | C63: 4 | D63: UInt32 BE | E63: 权威累计秒数 | F63: 用于设备立即校准
A64: 27..30 | B64: FocusRevision | C64: 4 | D64: UInt32 BE | E64: 裁决后的权威版本 | F64: 有效裁决必须非 0；后续 0x14 不得小于此值；重试同一裁决时复用原 revision 和完整 payload
A65: 31 | B65: Phase | C65: 1 | D65: 0..3 | E65: 裁决后显示阶段 | F65: 按 elapsed 派生
A66: 32 | B66: Bottles | C66: 1 | D66: 0..255 | E66: 裁决后显示瓶子 | F66: 不得累加双方值
A67: Payload 总长 | B67: 33 | C67: 完整帧长 | D67: 36 | E67: 传输 | F67: 简单包：Type(1)+Length(2)+Payload
A69: 七、FOCUS_STATE（0x25 / Opcode 0x83）
A70: Device → App｜Notify 就绪后顺序：DeviceWake → STATE → FOCUS_STATE → OP_BATCH；同步完成前 App 禁止用普通 0x14 覆盖设备
A71: 偏移 | B71: 字段 | C71: 大小 | D71: 取值 | E71: 说明 | F71: 约束
A72: 0 | B72: Opcode | C72: 1 | D72: 固定 0x83 | E72: FOCUS_STATE | F72: 首字节
A73: 1..4 | B73: FocusRevision | C73: 4 | D73: UInt32 BE | E73: 设备已应用版本 | F73: 仅 FocusState=idle，且 FocusSessionId/TaskId/StartTimestamp/EndTimestamp/ElapsedSeconds/LastOperationID 全零或空、EndReason=none 的空闲哨兵允许为 0；BootSessionId 仍填当前启动会话；其他 FOCUS_STATE 必须非 0，本地每个不同状态也严格递增且不得回绕到 0
A74: 5..8 | B74: BootSessionId | C74: 4 | D74: UInt32 BE | E74: 设备启动会话 ID | F74: 与 OperationID 组成幂等键
A75: 9..16 | B75: FocusSessionId | C75: 8 | D75: 原始 8B | E75: 当前或待裁决会话 | F75: idle 且无待裁决会话时全 0
A76: 17 | B76: FocusState | C76: 1 | D76: 0x00..0x02 | E76: 本地当前状态 | F76: 见枚举页
A77: 18 | B77: StartSource | C77: 1 | D77: 0x00/0x01 | E77: appEstablished/deviceOffline | F77: 决定开始时间权威来源
A78: 19 | B78: TaskIdLength | C78: 1 | D78: 0..36 | E78: 任务 ID 字节数 | F78: idle 可为 0
A79: 20..19+N | B79: TaskId | C79: N | D79: ASCII | E79: 会话任务 ID | F79: 长度必须精确匹配
A80: 20+N..23+N | B80: StartTimestamp | C80: 4 | D80: UInt32 BE | E80: 设备记录的开始时间 | F80: RTC 无效为 0
A81: 24+N..27+N | B81: EndTimestamp | C81: 4 | D81: UInt32 BE | E81: 设备记录的结束时间 | F81: 活动会话为 0
A82: 28+N..31+N | B82: ElapsedSeconds | C82: 4 | D82: UInt32 BE | E82: 设备累计秒数 | F82: 时间对齐依据
... A85: Payload 总长 | B85: 37+N | C85: 完整帧长 | D85: 39+N | E85: 传输 | F85: 简单事件包：Type(1)+Length(1)+Payload
A87: 八、重连同步顺序
A88: 步骤 | B88: 触发 | C88: 设备发送/处理 | D88: App 发送/处理 | E88: 完成条件 | F88: 禁止行为
A89: 1 | B89: Notify Enabled | C89: 发送 DeviceWake | D89: 建立本次连接上下文 | E89: DeviceWake 已接收 | F89: 立即下发旧 0x14
A90: 2 | B90: DeviceWake 后 | C90: 发送 OfflineSync STATE | D90: 检查 PendingCount/FocusSyncPending | E90: STATE 已解析 | F90: 跳过待补报检查
A91: 3 | B91: 存在或曾存在会话 | C91: 发送 FOCUS_STATE | D91: 冻结普通 FocusStatus 下发 | E91: 快照已接收 | F91: 用 App idle 覆盖设备 active
A92: 4 | B92: PendingCount>0 | C92: 按 OperationID 发送 OP_BATCH | D92: 幂等、顺序处理完整批次 | E92: 连续处理到最大 ID | F92: 部分失败仍越级 ACK
A93: 5 | B93: 操作处理完成 | C93: 收到 FOCUS_RESOLVE 后返回 RESULT | D93: 发送 OP_ACK（如有）+ FOCUS_RESOLVE | E93: 收到匹配 ResolveID 的 RESULT/COMMITTED | F93: 先删队列后确认
A94: 6 | B94: 收到 RESULT/COMMITTED | C94: 应用权威状态并恢复心跳 | D94: 解除 focusSyncLocked，恢复普通业务同步 | E94: ResolveID / TargetType / ResultCode 均匹配 | F94: 立即发送 OfflineSync COMMIT；重复创建或结算
A95: 7 | B95: 业务数据变化 | C95: 普通 0x10 只更新后台数据，不退出 TaskIn | D95: 按需发送普通 DayPack；活动专注期间不发 COMMIT | E95: 独立业务同步 | F95: 用 DayPack/COMMIT 驱动 TaskIn 退出
A97: 九、状态冲突裁决
A98: 设备状态 | B98: App 状态 | C98: 裁决结果 | D98: 权威开始时间 | E98: 权威结束时间 | F98: 结算/页面行为
A99: 离线新进入且 active | B99: idle | C99: 接受设备会话 | D99: 设备 start | E99: 0 | F99: App 立即开启挡板；设备保持当前页
A100: 离线 start 后已 end | B100: idle | C100: 生成一次历史会话 | D100: 设备 start | E100: 设备 end | F100: 不闪开挡板；只结算一次
A101: 线上会话仍 active | B101: 同一会话 active | C101: 保持原会话 | D101: App 原 start | E101: 0 | F101: 设备对齐 App；不重发 start
A102: 设备已 end | B102: 同一会话 active | C102: 结束优先 | D102: 原 start | E102: 设备 end | F102: App 撤挡板并结算
A103: 设备 active | B103: 同一会话已 end | C103: 结束优先 | D103: 原 start | E103: App end | F103: 设备立即退出并停止计时
A104: 双方都 end | B104: 同一会话已 end | C104: 保持结束 | D104: 原 start | E104: 较早有效 end | F104: 去重后仅结算一次
A105: active，会话 ID 不同 | B105: 另一 active 会话 | C105: 设备待同步 Start 优先，关闭旧 App 会话 | D105: 设备 start | E105: 旧会话截断到设备 start | F105: 记录 conflictResolved 日志
A108: 十、时间、幂等与可靠性
A109: 主题 | B109: 规则 | C109: 正常阈值 | D109: 异常处理 | E109: 设备要求 | F109: App 要求
A110: 计时精度 | B110: 协议统一传秒，不使用分钟做重连裁决 | C110: 差值 ≤120 秒 | D110: 差值>120秒记录异常但不创建新会话 | E110: 保留本地单调 elapsed | F110: 按会话来源选择 start
A111: 瓶子/阶段 | B111: 按权威 elapsed 重新计算 | C111: 同规则结果一致 | D111: 不允许双方相加 | E111: 裁决前可显示本地值 | F111: 裁决后下发最终值
A112: 幂等键 | B112: DeviceId+BootSessionId+OperationID | C112: 全局唯一 | D112: 重复 payload 不重复执行 | E112: 重试复用原字节 | F112: 账本去重
A113: 会话键 | B113: FocusSessionId=BootSessionId+StartOperationID | C113: 8B 固定 | D113: 不允许复用 | E113: 本地持久保存 | F113: 所有起止/结算绑定会话
...

Sheet Schedule-1.3
A1: Schedule v2（0x03）完整日程协议 · Ver 1.3.0
A2: App → Device｜Big Endian｜简单包或现有 11 字节分包｜完整快照原子应用｜所有长度均按 UTF-8 字节数计算
A4: 一、Payload 字段偏移
A5: 偏移 | B5: 字段 | C5: 大小 | D5: 取值 / 上限 | E5: App 发送要求 | F5: 设备校验与说明
A6: 0 | B6: SubVersion | C6: 1 | D6: 固定 0x02 | E6: 必须显式发送 | F6: 不是 0x02 或缺失时严格拒绝整包
A7: 1 | B7: Year | C7: 1 | D7: 0–99 | E7: 公历年份减 2000 | F7: 与 Month、Day 组成有效日期
A8: 2 | B8: Month | C8: 1 | D8: 1–12 | E8: 发送日程归属月份 | F8: 超范围拒绝
A9: 3 | B9: Day | C9: 1 | D9: 有效日 | E9: 发送日程归属日期 | F9: 必须与 Year、Month 组成有效日期
A10: 4 | B10: EventCount | C10: 1 | D10: 0–8 | E10: 后续 Event 数量必须一致 | F10: 数量或剩余字节不一致时拒绝整包
A11: 5+ | B11: Events[] | C11: 变长 | D11: 见下表 | E11: 连续编码 EventCount 条记录 | F11: 完整解析成功后一次性应用，不部分更新
A13: 二、Event 字段顺序（固定为六字段）
A14: 顺序 | B14: 字段 | C14: 编码 | D14: 长度 / 枚举 | E14: 是否可空 | F14: 规则
A15: 1 | B15: Time | C15: Length(1) + UTF-8(T) | D15: T=0 或 5 | E15: 全天事件可空 | F15: 非空时必须为 HH:mm
A16: 2 | B16: Title | C16: Length(1) + UTF-8(N) | D16: 1≤N≤40 | E16: 不可空 | F16: 日程标题
A17: 3 | B17: Description | C17: Length(1) + UTF-8(D) | D17: 1≤D≤120 | E17: 不可空 | F17: 必须提供可见日程描述，禁止只有标题
A18: 4 | B18: Category | C18: uint8 | D18: 0x00–0x06 | E18: 不可空 | F18: 超出枚举范围拒绝整包
A19: 5 | B19: EndTime | C19: Length(1) + UTF-8(E) | D19: E=0 或 5 | E19: 全天事件可空 | F19: 定时事件必须为 HH:mm 且晚于 Time；不支持跨午夜
A20: 6 | B20: SupportText | C20: Length(1) + UTF-8(S) | D20: 0≤S≤120 | E20: 可空 | F20: 辅助文案；空字符串编码为 0x00
A22: 三、长度、时间与兼容规则
A23: Schedule Payload | B23: 5 + Σ(6 + T + N + D + E + S)
A24: 简单包完整帧 | B24: Type(1) + Length(2, BE) + Payload，即 3 + Payload
A25: 定时事件 | B25: Time 与 EndTime 均为 5 字节 HH:mm，且结束时间晚于开始时间
A26: 全天事件 | B26: TimeLength=0 且 EndTimeLength=0；不得只将其中一个置空
A27: 跨午夜 | B27: 当前版本不支持；App 必须拆成两个日期内事件或不发送
A28: 旧版简化 Schedule | B28: EventCount + Title + StartTime 格式严格拒绝，不做猜测或降级解析
A29: 字符编码 | B29: 所有字符串均为 Length(1B) + UTF-8；Length 是字节数，不是字符数
A31: 四、Schedule 与 DayPack 比较及覆盖顺序
A32: 条件 / 顺序 | B32: 比较对象 | C32: 设备动作 | D32: 日程显示 | E32: DayPack 其他字段 | F32: App 约束
A33: 可见字段完全相同 | B33: 日期 + 每条 Time/Title/Description/Category/EndTime/SupportText，且顺序一致 | C33: 不替换、不触发刷新 | D33: 保持当前内容 | E33: 保持不变 | F33: 可不重复下发；若下发，结果仍应幂等
A34: 任一可见字段不同 | B34: 字段值、事件数或事件顺序任一不同 | C34: 完整 Schedule 原子替换日程与日期字段 | D34: 显示 Schedule 的完整描述 | E34: PetDialogue、TopTasks、SettlementData、DaySummary、FirstUp 等保持不变 | F34: 必须发送完整快照，不发送局部补丁
A35: 普通连接内顺序 | B35: DayPack 与 Schedule 均到达 | C35: 先应用到达的 DayPack；Schedule 校验成功后按上述规则比较 | D35: Schedule 对日程字段最终优先 | E35: DayPack 非日程字段继续生效 | F35: 不要用后到的旧 DayPack 覆盖已确认的 Schedule
A36: OfflineSync 同批 | B36: DatasetMask 同时含 bit1 Schedule 与 bit2 DayPack | C36: 固定先应用 DayPack，再应用 Schedule | D36: Schedule 对日程可见字段最终优先 | E36: DayPack 非日程字段保持 | F36: 批次提交前完成两者校验
A38: 五、App 发送与分包要求
A39: 完整性 | B39: 每次发送完整日期快照；EventCount、字段长度与剩余字节必须精确一致
A40: 简单包 | B40: 小 Payload 使用 Type(0x03) + Length(2B, BE) + 完整 Payload
A41: 11B 分包 | B41: 大 Payload 可使用 Type + MessageId(2) + Seq(2) + Total(2) + PayloadLen(2) + CRC16(2) + 片段 Payload
A42: 分包重组 | B42: 同一 MessageId；Seq 从 0 开始；重发从 Seq=0 整条重发；设备重组完成后再解析 Schedule v2
A43: CRC | B43: 每片 Payload 使用 CRC16-CCITT-FALSE：poly 0x1021、init 0xFFFF、xorout 0x0000、reflect false
A44: 失败处理 | B44: 任一字段、日期、枚举、时间、长度、CRC 或分包关系非法时拒绝整条消息，并保留现有日程
A46: 六、十六进制示例（均为简单包完整帧）
A47: 示例 | B47: 内容
A48: 零事件 | B48: 03 00 05 02 1A 08 12 00
A49: 零事件解码 | B49: Type=0x03；PayloadLength=5；SubVersion=0x02；日期=2026-08-18；EventCount=0
A50: 单事件 | B50: 03 00 34 02 1A 08 12 01 05 30 39 3A 30 30 07 53 74 61 6E 64 75 70 0A 44 61 69 6C 79 20 73 79 6E 63 02 05 30 39 3A 33 30 0E 53 68 61 72 65 20 62 6C 6F 63 6B 65 72 73
A51: 单事件解码 | B51: 09:00｜Standup｜Daily sync｜Category=0x02｜09:30｜Share blockers；PayloadLength=52(0x0034)
A53: 七、验收规则
A54: 1 | B54: 零事件与单事件示例可按字段边界完整解析，且解析后无剩余字节
A55: 2 | B55: Description 为空、Title 为空、Category>0x06、非法日期/时间或定时事件 EndTime≤Time 时整包拒绝
A56: 3 | B56: 旧版简化 Schedule 无 SubVersion=0x02，必须严格拒绝且不得改变当前显示
A57: 4 | B57: 相同 Schedule 与 DayPack 不替换、不刷新；任一可见字段不同则显示完整 Schedule 描述
A58: 5 | B58: Schedule 替换日程后，DayPack 的 PetDialogue、TopTasks、SettlementData、DaySummary、FirstUp 等保持不变
A59: 6 | B59: 简单包与 11B 分包重组后的业务结果一致；失败时保留原有日程
